2.7084,-3.1935,2.3914,-2.2541,-2.6711,-2.7853,0.693,1.9015,1.7875,1.3278,0.107
-1.5033,-3.3542,4.9999,-1.7778,-1.7587,3.9819,0.693,0.66108,0.81832,0.76381,0.107
-1.5032,-3.349,4.9996,-1.778,-1.7584,3.9821,0.693,0.66107,0.81839,0.76366,0.107
-1.5031,-3.3493,4.9682,-1.778,-1.7586,3.9821,0.693,0.66101,0.81839,0.76371,0.107
-1.5034,-3.3604,4.9973,-1.7779,-1.7581,3.982,0.693,0.66111,0.81834,0.76366,0.107
-1.5032,-3.3568,5,-1.7779,-1.7587,3.982,0.693,0.66099,0.81831,0.76382,0.107
-1.4844,0.099423,4.9987,0.89314,-1.9243,4.3896,0.693,0.92522,0.83165,1.3244,0.107
-1.0237,-1.9411,0.29117,-2.0294,5,4.131,0.693,1.066,0.74491,0.61185,0.107
-1.5034,-3.3443,4.9973,-1.7779,-1.758,3.9821,0.693,0.66116,0.81842,0.76353,0.107
-1.5035,-3.3452,4.9999,-1.7777,-1.7582,3.9821,0.693,0.66112,0.81837,0.76362,0.107
-1.6187,4.9999,0.066856,-1.5879,4.9939,4.1358,0.693,0.95999,0.72486,0.61375,0.107
-1.5035,-3.3398,4.9996,-1.7779,-1.7578,3.9821,0.693,0.66119,0.81844,0.76347,0.107
-1.5032,-3.353,4.9999,-1.778,-1.7586,3.982,0.693,0.66103,0.81835,0.76374,0.107
-1.6187,4.9998,0.066657,-1.588,4.9877,4.1358,0.693,0.96002,0.72484,0.61374,0.107
-1.5031,-3.3645,5,-1.7778,-1.7592,3.9818,0.693,0.66086,0.81818,0.76408,0.107
-1.5032,-3.358,5,-1.7779,-1.7588,3.982,0.693,0.66097,0.8183,0.76384,0.107
-1.0238,-1.941,0.29125,-2.0294,5,4.131,0.693,1.066,0.74491,0.61185,0.107
-1.5033,-3.3636,4.9225,-1.7778,-1.7586,3.9819,0.693,0.66099,0.81816,0.76395,0.107
-1.5032,-3.3541,4.9998,-1.778,-1.7587,3.982,0.693,0.66102,0.81831,0.76379,0.107
-1.5031,-3.3577,4.9923,-1.7779,-1.759,3.982,0.693,0.66094,0.81834,0.76386,0.107
-1.5031,-3.3604,5,-1.7779,-1.7591,3.9818,0.693,0.66098,0.81829,0.76395,0.107
-1.5032,-3.3543,5,-1.778,-1.7586,3.9819,0.693,0.66105,0.81829,0.76377,0.107
-1.5031,-3.3598,5,-1.7779,-1.7591,3.9819,0.693,0.66095,0.81837,0.7639,0.107
-1.5032,-3.3505,4.9999,-1.778,-1.7587,3.9819,0.693,0.66105,0.81823,0.76383,0.107
-1.5032,-3.3511,4.9932,-1.778,-1.7586,3.982,0.693,0.66105,0.8183,0.76377,0.107
-1.5033,-3.3484,4.9915,-1.7779,-1.7584,3.982,0.693,0.66105,0.81838,0.76369,0.107
-1.4382,4.9582,4.9999,-1.8173,-1.8596,4.0059,0.693,0.70105,0.89243,0.95542,0.107
3.9513,-3.1403,2.8487,-2.0545,-3.7739,-4.3914,0.693,1.9016,1.7878,1.3279,0.107
-1.5032,-3.3532,5,-1.778,-1.7587,3.9819,0.693,0.66103,0.81824,0.76384,0.107
-1.5033,-3.356,5,-1.7778,-1.7585,3.982,0.693,0.66095,0.81826,0.76388,0.107
-1.5032,-3.352,5,-1.778,-1.7586,3.982,0.693,0.66104,0.81832,0.76376,0.107
4.9147,0.45067,-2.3707,4.1324,-3.7528,-4.1916,0.693,1.9016,1.7878,1.3279,0.107
-1.5033,-3.3416,4.9995,-1.7781,-1.758,3.9821,0.693,0.66121,0.81844,0.76346,0.107
-1.5032,-3.3534,4.9999,-1.778,-1.7586,3.982,0.693,0.66106,0.81836,0.76371,0.107
-1.0236,-1.9414,0.29183,-2.0293,4.9725,4.131,0.693,1.066,0.74491,0.61186,0.107
-1.5031,-3.36,5,-1.7779,-1.7588,3.9819,0.693,0.66096,0.8183,0.76388,0.107
-1.5032,-3.3471,4.9974,-1.7781,-1.7586,3.9819,0.693,0.66109,0.81827,0.76375,0.107
-1.5032,-3.3581,4.9998,-1.7779,-1.7587,3.982,0.693,0.66097,0.8183,0.76381,0.107
-1.6186,5,0.066007,-1.588,5,4.1359,0.693,0.95993,0.72492,0.61374,0.107
-1.5032,-3.3503,4.9997,-1.778,-1.7585,3.982,0.693,0.66108,0.81833,0.76371,0.107
-1.0238,-1.9408,0.29287,-2.0294,4.9965,4.1308,0.693,1.066,0.74488,0.61183,0.107
4.3877,4.7144,3.5714,1.7585,4.5585,-3.0387,0.693,1.9016,1.7878,1.3279,0.107
-1.5032,-3.3512,4.9996,-1.778,-1.7586,3.982,0.693,0.66104,0.81833,0.76374,0.107
-1.5031,-3.359,4.9983,-1.7779,-1.7588,3.982,0.693,0.66098,0.8183,0.76384,0.107
3.2306,-3.5798,2.0743,-1.5504,3.2991,-2.1383,0.693,1.9016,1.7878,1.3279,0.107
-1.5035,-3.3394,4.9972,-1.778,-1.7579,3.9822,0.693,0.6612,0.81848,0.76343,0.107
-1.5693,-4.9484,-2.2091,-1.7857,5,4.1978,0.693,0.61484,0.84782,0.52752,0.107
-1.5032,-3.357,5,-1.7779,-1.7587,3.9819,0.693,0.66098,0.8183,0.76384,0.107
-1.0242,-1.9378,0.29193,-2.0298,4.9989,4.1308,0.693,1.0661,0.74488,0.61176,0.107
-1.5032,-3.3507,4.9676,-1.778,-1.7585,3.982,0.693,0.66105,0.81838,0.76369,0.107
-1.4382,4.9744,4.9992,-1.8173,-1.8595,4.006,0.693,0.70108,0.89242,0.9554,0.107
-1.5031,-3.358,4.9998,-1.7779,-1.7589,3.982,0.693,0.66099,0.81834,0.76379,0.107
-1.5032,-3.3458,4.9973,-1.778,-1.7583,3.9821,0.693,0.66109,0.81841,0.76362,0.107
-1.5033,-3.3473,4.9998,-1.778,-1.7583,3.982,0.693,0.66107,0.81838,0.76367,0.107
-1.5037,-3.3295,4.9706,-1.7779,-1.7573,3.9823,0.693,0.66139,0.81856,0.76315,0.107
-1.5687,-4.96,-2.209,-1.7862,5,4.1978,0.693,0.61481,0.84782,0.52752,0.107
-1.503,-3.3531,4.9998,-1.7782,-1.7586,3.9821,0.693,0.6611,0.81838,0.76364,0.107
-1.5032,-3.3498,4.9944,-1.778,-1.7587,3.9819,0.693,0.66104,0.81823,0.76383,0.107
-1.6186,5,0.065631,-1.5879,4.9976,4.136,0.693,0.95997,0.72493,0.61369,0.107
-1.5032,-3.3481,4.9998,-1.7781,-1.7584,3.9821,0.693,0.66108,0.81838,0.76366,0.107
-1.5032,-3.3534,4.9895,-1.7779,-1.7585,3.982,0.693,0.66104,0.81834,0.76374,0.107
0.99663,-4.5284,3.3868,2.818,3.362,-4.4978,0.693,1.9016,1.7878,1.3279,0.107
-1.5692,-4.988,-2.2096,-1.7859,5,4.1977,0.693,0.61469,0.84784,0.52757,0.107
-1.5032,-3.3486,4.9993,-1.7781,-1.7584,3.9819,0.693,0.66116,0.81824,0.76366,0.107
-1.5032,-3.3475,4.9996,-1.778,-1.7586,3.982,0.693,0.66102,0.81832,0.76376,0.107
-1.5638,-3.2216,5,5,-1.8989,4.355,0.693,0.93844,0.83834,1.1067,0.107
-1.5032,-3.3514,4.9999,-1.7779,-1.7585,3.9821,0.693,0.6611,0.81836,0.76366,0.107
-1.5032,-3.3496,4.9995,-1.778,-1.7583,3.9821,0.693,0.66108,0.81839,0.76365,0.107
-1.5031,-3.3666,4.9639,-1.7779,-1.7592,3.9818,0.693,0.66091,0.81814,0.76404,0.107
4.9541,1.4318,4.733,4.2822,-3.281,-1.78,0.693,1.9016,1.7878,1.3279,0.107
-1.5032,-3.348,4.9799,-1.778,-1.7584,3.9821,0.693,0.66107,0.81839,0.76366,0.107
-1.5032,-3.3493,4.8166,-1.778,-1.7587,3.9819,0.693,0.66104,0.81828,0.76379,0.107
-1.5032,-3.3528,4.965,-1.7779,-1.7588,3.9819,0.693,0.661,0.81824,0.76387,0.107
-1.5032,-3.3593,4.9987,-1.7779,-1.7589,3.9819,0.693,0.66097,0.81825,0.76389,0.107
-1.5031,-3.3644,4.9546,-1.7779,-1.7593,3.9816,0.693,0.66095,0.81807,0.76408,0.107
-1.6186,5,0.065984,-1.588,4.9997,4.1359,0.693,0.95999,0.72489,0.61372,0.107
-1.4843,0.099855,4.9911,0.89163,-1.9243,4.3897,0.693,0.92513,0.83175,1.3244,0.107
-1.0238,-1.9405,0.29146,-2.0294,5,4.131,0.693,1.066,0.7449,0.61184,0.107
-1.5638,-3.2218,5,5,-1.8989,4.355,0.693,0.93841,0.83823,1.1067,0.107
-1.5031,-3.3564,4.9925,-1.778,-1.7587,3.9819,0.693,0.66099,0.81827,0.76382,0.107
-1.4383,4.284,4.859,-1.8174,-1.8597,4.0057,0.693,0.70119,0.89227,0.95542,0.107
-1.5032,-3.3498,4.9977,-1.778,-1.7584,3.982,0.693,0.66108,0.81836,0.76369,0.107
-1.6488,-0.76594,0.078232,-1.5767,4.9994,4.1138,0.693,1.0057,0.6876,0.60341,0.107
-1.5032,-3.3581,4.9997,-1.7778,-1.759,3.9818,0.693,0.66097,0.81819,0.76395,0.107
-1.5032,-3.3599,4.9987,-1.7779,-1.7588,3.9819,0.693,0.66098,0.81828,0.76386,0.107
-1.5691,-4.9703,-2.2093,-1.7859,4.9943,4.1978,0.693,0.61476,0.84784,0.52755,0.107
-1.5032,-3.3534,4.9914,-1.778,-1.7587,3.9819,0.693,0.66102,0.81828,0.76381,0.107
-1.5033,-3.3488,4.9994,-1.7779,-1.7584,3.982,0.693,0.66106,0.81838,0.76368,0.107
-1.5032,-3.3477,4.9996,-1.778,-1.7582,3.9821,0.693,0.6611,0.81841,0.76361,0.107
-1.5032,-3.3523,4.9948,-1.778,-1.7586,3.982,0.693,0.66103,0.81835,0.76373,0.107
-1.5031,-3.3576,5,-1.778,-1.7589,3.9819,0.693,0.661,0.81826,0.76386,0.107
3.268,0.64804,-1.3687,4.3699,1.3269,-2.6016,0.693,1.9016,1.7878,1.3279,0.107
-1.5034,-3.3494,5,-1.7777,-1.7584,3.982,0.693,0.66103,0.81837,0.76373,0.107
-1.5031,-3.3563,4.9957,-1.7779,-1.7588,3.982,0.693,0.66102,0.81834,0.76376,0.107
-1.6187,5,0.066504,-1.5879,5,4.1358,0.693,0.95995,0.7249,0.61375,0.107
-1.5034,-3.3482,4.9977,-1.7779,-1.7583,3.9821,0.693,0.6611,0.81839,0.76363,0.107
-1.5032,-3.3525,4.9991,-1.778,-1.7586,3.982,0.693,0.66104,0.81834,0.76374,0.107
-1.4843,0.099586,4.9948,0.89256,-1.9242,4.3896,0.693,0.92521,0.83165,1.3244,0.107
-1.5033,-3.3485,4.9985,-1.778,-1.7581,3.9821,0.693,0.66111,0.81842,0.76359,0.107
-1.5032,-3.3575,5,-1.7779,-1.759,3.9818,0.693,0.66097,0.8182,0.76393,0.107
-1.5032,-3.3557,4.7992,-1.7779,-1.7587,3.982,0.693,0.66106,0.81831,0.76371,0.107
-4.8476,-4.7796,4.8194,-4.9498,4.9656,3.8635,0.693,1.4812,1.6591,1.07,0.107
4.6371,1.6993,-1.7825,4.8662,3.8289,1.2938,0.693,1.9016,1.7878,1.3279,0.107
-1.5031,-3.3651,4.8441,-1.7778,-1.7591,3.9818,0.693,0.66093,0.8182,0.76399,0.107
-1.5031,-3.3654,4.9359,-1.7779,-1.7593,3.9818,0.693,0.66089,0.81819,0.76403,0.107
-1.6185,4.9849,0.066005,-1.588,4.9973,4.136,0.693,0.95983,0.72497,0.61379,0.107
-1.5032,-3.3461,4.9846,-1.7781,-1.7584,3.982,0.693,0.66109,0.81837,0.76366,0.107
-1.5032,-3.3566,4.999,-1.7779,-1.7587,3.982,0.693,0.66098,0.81832,0.76382,0.107
-1.5033,-3.3473,4.9996,-1.778,-1.7582,3.9821,0.693,0.66111,0.81841,0.7636,0.107
-1.5032,-3.3556,5,-1.7779,-1.7586,3.982,0.693,0.66101,0.8183,0.7638,0.107
-1.5031,-3.3648,5,-1.7778,-1.7591,3.9818,0.693,0.66093,0.81819,0.764,0.107
-1.503,-3.3739,4.9966,-1.7777,-1.7597,3.9818,0.693,0.66087,0.8182,0.76406,0.107
1.5973,-0.91096,4.9681,1.9117,2.7855,-1.6913,0.693,1.9016,1.7878,1.3279,0.107
1.3604,2.0503,3.3271,3.3752,1.3979,-3.7192,0.693,1.9016,1.7878,1.3279,0.107
-1.2627,0.20864,-3.4957,4.9997,-1.7655,4.4486,0.693,0.61519,0.90106,1.3687,0.107
-1.5033,-3.3481,4.9999,-1.778,-1.7583,3.982,0.693,0.66106,0.81838,0.76368,0.107
-1.503,-3.3673,4.9999,-1.7779,-1.7594,3.9818,0.693,0.66079,0.81814,0.7641,0.107
-1.5032,-3.3567,4.9997,-1.7779,-1.7588,3.9819,0.693,0.66099,0.81829,0.76383,0.107
-1.5032,-3.3498,4.9998,-1.778,-1.7585,3.982,0.693,0.66107,0.81835,0.7637,0.107
-1.5031,-3.3623,4.9893,-1.7779,-1.7592,3.9818,0.693,0.66092,0.81816,0.76403,0.107
-1.5034,-3.3422,5,-1.7781,-1.7578,3.9821,0.693,0.66119,0.81843,0.76349,0.107
-1.5032,-3.3488,4.9747,-1.778,-1.7583,3.9821,0.693,0.66111,0.81837,0.76361,0.107
-1.5033,-3.3515,4.9945,-1.7779,-1.7585,3.982,0.693,0.66104,0.81833,0.76374,0.107
-1.0246,-1.935,0.29188,-2.0302,4.9992,4.1306,0.693,1.0662,0.74487,0.61167,0.107
-1.5032,-3.3509,4.9777,-1.778,-1.7584,3.982,0.693,0.66104,0.81838,0.7637,0.107
-1.5032,-3.3496,4.9985,-1.778,-1.7584,3.982,0.693,0.66108,0.81834,0.76369,0.107
3.1733,-4.5492,1.5852,-2.6722,3.4413,-2.1007,0.693,1.9016,1.7878,1.3279,0.107
-1.0238,-1.9413,0.29265,-2.0293,4.9951,4.1308,0.693,1.066,0.74486,0.61187,0.107
-1.5032,-3.3529,5,-1.778,-1.7587,3.9818,0.693,0.66103,0.81821,0.76387,0.107
-1.6484,-0.76526,0.077978,-1.5771,4.5595,4.1138,0.693,1.0054,0.68774,0.60355,0.107
-1.5034,-3.3507,4.9909,-1.778,-1.7578,3.982,0.693,0.66121,0.81833,0.76355,0.107
-1.5037,-3.3283,4.7781,-1.7781,-1.757,3.9822,0.693,0.66145,0.81835,0.76318,0.107
-1.5032,-3.3547,4.9999,-1.778,-1.7587,3.9819,0.693,0.66102,0.81827,0.76383,0.107
4.0908,4.2263,4.8738,4.2021,3.4573,4.4368,0.693,1.9016,1.7878,1.3279,0.107
-1.5031,-3.3582,5,-1.7779,-1.7588,3.9819,0.693,0.661,0.81825,0.76387,0.107
-1.5032,-3.356,5,-1.7779,-1.7587,3.982,0.693,0.66101,0.8183,0.76382,0.107
-1.5031,-3.3618,4.9777,-1.7779,-1.7591,3.9819,0.693,0.66095,0.81822,0.76395,0.107
-1.5032,-3.3524,4.9997,-1.778,-1.7587,3.9818,0.693,0.66092,0.81832,0.76388,0.107
-1.5031,-3.3619,4.9968,-1.7779,-1.7591,3.9819,0.693,0.66093,0.81821,0.76397,0.107
-1.5031,-3.3543,5,-1.778,-1.7588,3.9819,0.693,0.661,0.81827,0.76385,0.107
-1.0239,-1.9403,0.29191,-2.0295,4.9998,4.1309,0.693,1.066,0.74489,0.61183,0.107
-1.5033,-3.3477,4.9999,-1.778,-1.7583,3.9821,0.693,0.66109,0.8184,0.76362,0.107
-1.5035,-3.3427,4.9917,-1.778,-1.758,3.9821,0.693,0.66114,0.81843,0.76354,0.107
2.7803,2.3132,3.2732,4.5432,4.5645,4.8055,0.693,1.9016,1.7878,1.3279,0.107
-1.5032,-3.3469,4.9998,-1.778,-1.7583,3.9821,0.693,0.6611,0.81841,0.76361,0.107
-1.5032,-3.3472,4.9973,-1.778,-1.7585,3.982,0.693,0.66105,0.81836,0.76371,0.107
-1.5031,-3.3578,4.9999,-1.778,-1.759,3.9819,0.693,0.66097,0.8182,0.76394,0.107
-1.5031,-3.3621,4.9988,-1.7779,-1.759,3.9819,0.693,0.66108,0.81817,0.76386,0.107
-1.5032,-3.3491,5,-1.778,-1.7584,3.982,0.693,0.66108,0.81835,0.76369,0.107
-1.5032,-3.3538,4.9991,-1.778,-1.7588,3.9819,0.693,0.66099,0.81824,0.76387,0.107
-1.5237,-4.9972,-2.0368,-1.8308,-1.6721,3.9413,0.693,0.5368,0.83309,0.82478,0.107
-1.5027,-3.3697,4.8096,-1.7783,-1.759,3.982,0.693,0.66103,0.81827,0.76381,0.107
-1.5033,-3.3475,4.9999,-1.7779,-1.7583,3.9821,0.693,0.66113,0.8184,0.76359,0.107
-1.5232,-4.986,-2.0329,-1.8308,-1.6749,3.9411,0.693,0.53679,0.83266,0.82524,0.107
-1.5032,-3.3589,5,-1.7779,-1.7588,3.982,0.693,0.661,0.8183,0.76383,0.107
-1.0238,-1.9408,0.2923,-2.0294,5,4.1309,0.693,1.066,0.74488,0.61184,0.107
-1.5033,-3.3566,4.9984,-1.7779,-1.758,3.982,0.693,0.66116,0.81832,0.76364,0.107
-1.5032,-3.3581,5,-1.7779,-1.7588,3.9819,0.693,0.661,0.81829,0.76383,0.107
-1.5032,-3.351,4.9999,-1.778,-1.7584,3.982,0.693,0.66105,0.81837,0.7637,0.107
-1.5032,-3.3539,5,-1.778,-1.7587,3.982,0.693,0.66101,0.81832,0.76379,0.107
1.8232,2.9847,0.44578,4.0974,2.0015,1.629,0.693,1.9016,1.7878,1.3279,0.107
-1.5032,-3.3553,5,-1.778,-1.7586,3.982,0.693,0.66091,0.81826,0.76375,0.107
-0.52893,-2.8508,5,0.35156,-0.22922,5,0.693,1.8605,1.7695,0.40956,0.107
3.815,-3.7293,2.5718,-2.3289,-4.9569,-3.2823,0.693,1.9016,1.7878,1.3279,0.107
-1.5032,-3.3613,4.9984,-1.7778,-1.7591,3.9818,0.693,0.6609,0.81815,0.76405,0.107
-1.5033,-3.3461,4.9998,-1.778,-1.7582,3.9821,0.693,0.66113,0.81842,0.76358,0.107
-1.5032,-3.3549,5,-1.778,-1.7588,3.9819,0.693,0.66102,0.81829,0.76383,0.107
-1.5032,-3.3554,4.9997,-1.7779,-1.7586,3.982,0.693,0.66101,0.81833,0.76378,0.107
-1.5032,-3.3513,4.9921,-1.778,-1.7586,3.982,0.693,0.66105,0.81831,0.76375,0.107
-1.5231,-4.9972,-2.0319,-1.8311,-1.675,3.9412,0.693,0.53696,0.83261,0.8251,0.107
-1.5032,-3.3443,4.9982,-1.7781,-1.7582,3.9821,0.693,0.66112,0.81842,0.76358,0.107
-1.5032,-3.3493,4.9996,-1.778,-1.7584,3.9821,0.693,0.66106,0.81839,0.76367,0.107
1.9632,1.8452,2.7343,4.4409,-1.0556,-3.4894,0.693,1.9016,1.7878,1.3279,0.107
-1.5033,-3.3478,4.9625,-1.778,-1.7582,3.982,0.693,0.66116,0.81832,0.76364,0.107
-1.5032,-3.3505,5,-1.778,-1.7585,3.982,0.693,0.66107,0.81832,0.76373,0.107
-1.5031,-3.3574,4.9993,-1.778,-1.7587,3.9819,0.693,0.66097,0.81831,0.76383,0.107
-1.5031,-3.3575,4.953,-1.7779,-1.7588,3.9819,0.693,0.66099,0.81827,0.76386,0.107
-1.5031,-3.3571,5,-1.7779,-1.7588,3.9819,0.693,0.661,0.81827,0.76385,0.107
-1.5035,-3.3428,4.9997,-1.7779,-1.758,3.9821,0.693,0.66117,0.81845,0.7635,0.107
-1.5637,-3.2225,5,5,-1.899,4.355,0.693,0.9384,0.83839,1.1067,0.107
-1.5032,-3.3477,5,-1.778,-1.7584,3.9821,0.693,0.66107,0.81839,0.76366,0.107
-1.4383,4.9424,4.9998,-1.8173,-1.8596,4.0058,0.693,0.70126,0.89225,0.9554,0.107
-1.5032,-3.3543,4.9479,-1.7779,-1.7586,3.982,0.693,0.66102,0.81832,0.76378,0.107
-1.503,-3.3608,4.9999,-1.778,-1.7591,3.9818,0.693,0.66095,0.8182,0.76396,0.107
-1.5031,-3.3562,5,-1.7779,-1.759,3.9818,0.693,0.66098,0.8182,0.76393,0.107
-1.6186,5,0.066376,-1.588,5,4.1359,0.693,0.95994,0.72491,0.61377,0.107
-1.5032,-3.3543,4.9593,-1.778,-1.7584,3.982,0.693,0.66087,0.81827,0.76393,0.107
-1.5033,-3.3449,4.9985,-1.778,-1.7582,3.9821,0.693,0.66112,0.81842,0.76358,0.107
-1.5234,-4.9997,-2.0323,-1.8309,-1.6745,3.9411,0.693,0.53699,0.83266,0.82501,0.107
-1.5033,-3.3462,4.9997,-1.778,-1.7583,3.982,0.693,0.66109,0.81836,0.76367,0.107
-1.5033,-3.349,4.9993,-1.778,-1.7583,3.9821,0.693,0.66108,0.81838,0.76365,0.107
3.8954,-3.4587,0.7425,-3.8844,3.9566,-3.6285,0.693,1.9016,1.7878,1.3279,0.107
-1.5034,-3.3453,4.9971,-1.778,-1.7581,3.9821,0.693,0.66112,0.81841,0.76359,0.107
-1.4503,4.928,-1.9197,-1.8042,-1.8975,3.9661,0.693,0.57115,0.88143,1.0293,0.107
-1.0235,-1.9426,0.29175,-2.0291,4.9992,4.131,0.693,1.066,0.7449,0.61191,0.107
-1.5034,-3.3496,5,-1.7778,-1.7584,3.982,0.693,0.66104,0.81837,0.76372,0.107
4.245,4.5676,3.7412,0.32576,4.2476,-2.5444,0.693,1.9016,1.7878,1.3279,0.107
3.1871,4.3883,-0.1979,4.2276,-0.4208,-3.1005,0.693,1.9016,1.7878,1.3279,0.107
-1.5033,-3.3483,4.9981,-1.778,-1.7583,3.982,0.693,0.6611,0.81838,0.76363,0.107
-1.5032,-3.3599,4.9999,-1.7779,-1.759,3.9819,0.693,0.66094,0.81817,0.76399,0.107
-1.5033,-3.3471,4.996,-1.778,-1.7583,3.9821,0.693,0.66109,0.81842,0.7636,0.107
-1.0237,-1.9416,0.29177,-2.0293,5,4.131,0.693,1.066,0.74489,0.61188,0.107
-1.0237,-1.9415,0.29247,-2.0293,4.9996,4.1309,0.693,1.066,0.74488,0.61188,0.107
-1.5034,-3.3322,4.9951,-1.7782,-1.7575,3.9822,0.693,0.6613,0.81854,0.76328,0.107
-1.5032,-3.3552,4.9999,-1.7779,-1.7586,3.982,0.693,0.66101,0.81834,0.76378,0.107
-1.5031,-3.3542,4.9992,-1.7781,-1.7589,3.9818,0.693,0.66098,0.81823,0.76389,0.107
-1.5032,-3.3619,5,-1.7778,-1.7586,3.982,0.693,0.66103,0.8183,0.76382,0.107
-1.5032,-3.3629,4.9967,-1.7778,-1.759,3.9818,0.693,0.66098,0.81817,0.76397,0.107
-1.5031,-3.3597,5,-1.7779,-1.759,3.9819,0.693,0.66097,0.81826,0.76389,0.107
-1.5033,-3.3469,4.9993,-1.778,-1.7582,3.9821,0.693,0.66112,0.81841,0.76359,0.107
-1.5033,-3.3498,4.9747,-1.7779,-1.7584,3.982,0.693,0.66108,0.81839,0.76366,0.107
-1.5033,-3.3517,4.9879,-1.7779,-1.7585,3.982,0.693,0.66105,0.81834,0.76374,0.107
-1.0238,-1.9407,0.29269,-2.0294,5,4.1308,0.693,1.0661,0.74486,0.61184,0.107
-1.5031,-3.361,4.9856,-1.7779,-1.7589,3.9819,0.693,0.66097,0.81828,0.76387,0.107
2.5188,3.1237,-4.0938,3.0391,0.38101,-4.1089,0.693,1.9016,1.7878,1.3279,0.107
-1.0238,-1.9409,0.29199,-2.0294,5,4.1309,0.693,1.066,0.74488,0.61185,0.107
-1.5031,-3.3618,5,-1.7779,-1.7592,3.9818,0.693,0.66093,0.81815,0.76403,0.107
-1.0235,-1.943,0.29208,-2.0291,4.9637,4.131,0.693,1.0659,0.74488,0.61193,0.107
-1.0239,-1.9402,0.29135,-2.0295,5,4.131,0.693,1.066,0.7449,0.61183,0.107
-1.4844,0.098707,4.9995,0.89405,-1.9243,4.3897,0.693,0.92519,0.83167,1.3244,0.107
-1.5033,-3.3495,5,-1.778,-1.7585,3.9819,0.693,0.66111,0.81823,0.76377,0.107
-1.5689,-4.9764,-2.2093,-1.7861,4.9999,4.1978,0.693,0.61477,0.84782,0.52753,0.107
-1.0238,-1.9411,0.29131,-2.0294,4.999,4.131,0.693,1.066,0.7449,0.61185,0.107
-1.5034,-3.3446,4.9894,-1.778,-1.7579,3.9821,0.693,0.66114,0.8184,0.76358,0.107
-1.5032,-3.3482,4.9999,-1.778,-1.7586,3.982,0.693,0.66104,0.81832,0.76375,0.107
2.8778,2.1496,-1.9536,3.2686,4.471,-1.2599,0.693,1.9016,1.7878,1.3279,0.107
4.0082,-3.3004,3.115,2.008,4.1138,-3.6381,0.693,1.9016,1.7878,1.3279,0.107
-1.5033,-3.3498,4.9996,-1.778,-1.7584,3.9821,0.693,0.66107,0.81839,0.76366,0.107
-1.5032,-3.3453,4.9981,-1.778,-1.7585,3.9821,0.693,0.66112,0.81829,0.7637,0.107
-1.0238,-1.9407,0.29241,-2.0294,5,4.1308,0.693,1.066,0.74487,0.61185,0.107
-1.5033,-3.3504,4.9993,-1.7779,-1.7584,3.982,0.693,0.66111,0.81837,0.76363,0.107
-1.5033,-3.3475,4.9999,-1.778,-1.7583,3.9821,0.693,0.6611,0.8184,0.76362,0.107
-1.4843,0.099054,5,0.89131,-1.9242,4.3901,0.693,0.9249,0.83198,1.3244,0.107
-1.5032,-3.3547,4.9999,-1.778,-1.7588,3.9818,0.693,0.66075,0.81813,0.76383,0.107
-1.5031,-3.3631,4.9787,-1.7778,-1.7592,3.9819,0.693,0.66097,0.81823,0.76391,0.107
-1.6185,5,0.065992,-1.588,5,4.1359,0.693,0.95975,0.72505,0.61382,0.107
-1.5033,-3.3472,5,-1.778,-1.7583,3.9821,0.693,0.6611,0.81839,0.76363,0.107
4.1892,-3.4908,3.0963,-1.0341,4.7183,-3.7022,0.693,1.9016,1.7878,1.3279,0.107
-1.5032,-3.3533,4.9995,-1.7779,-1.7586,3.982,0.693,0.661,0.81831,0.7638,0.107
-1.5033,-3.3526,4.9998,-1.7778,-1.7588,3.9819,0.693,0.661,0.81824,0.76387,0.107
-1.5033,-3.3484,4.9999,-1.7779,-1.7586,3.9819,0.693,0.66105,0.8183,0.76377,0.107
-1.5034,-3.3509,4.9998,-1.7778,-1.7583,3.982,0.693,0.66099,0.81835,0.76377,0.107
-1.0237,-1.9415,0.2926,-2.0293,5,4.1308,0.693,1.066,0.74487,0.61187,0.107
-1.5033,-3.3474,4.9989,-1.778,-1.7583,3.9821,0.693,0.6611,0.81841,0.76361,0.107
-1.6186,5,0.06655,-1.5879,4.9991,4.1358,0.693,0.9599,0.72493,0.61378,0.107
3.6136,-3.4285,-2.0017,4.993,3.1276,-4.5035,0.693,1.9016,1.7878,1.3279,0.107
-1.4636,-2.6631,-2.7667,5,-1.9012,4.3808,0.693,0.56173,0.89445,1.2452,0.107
-1.5033,-3.3561,5,-1.7778,-1.7587,3.982,0.693,0.66099,0.81832,0.76381,0.107
-1.5032,-3.3558,4.8169,-1.7779,-1.7588,3.9819,0.693,0.661,0.81828,0.76383,0.107
-1.2628,0.209,-3.5001,4.9926,-1.7651,4.4482,0.693,0.61566,0.90049,1.3688,0.107
-1.6487,-0.76647,0.07805,-1.5768,5,4.1137,0.693,1.0057,0.68757,0.60343,0.107
-1.5033,-3.3457,4.9999,-1.778,-1.7582,3.9821,0.693,0.6611,0.81842,0.7636,0.107
-1.5031,-3.3637,5,-1.7779,-1.759,3.9819,0.693,0.66083,0.81824,0.76403,0.107
-1.5034,-3.3498,5,-1.7777,-1.7584,3.982,0.693,0.66104,0.81837,0.76371,0.107
-1.5032,-3.3516,4.9867,-1.778,-1.7585,3.982,0.693,0.66106,0.81835,0.76371,0.107
2.538,4.1004,-1.2422,4.7281,4.0497,1.2783,0.693,1.9016,1.7878,1.3279,0.107
3.4731,-4.2607,3.063,0.31947,0.54983,-4.5443,0.693,1.9016,1.7878,1.3279,0.107
-1.5031,-3.3497,4.9997,-1.778,-1.7589,3.9819,0.693,0.66102,0.81821,0.76387,0.107
-1.6186,5,0.065897,-1.588,5,4.1359,0.693,0.95982,0.72501,0.61379,0.107
-1.5032,-3.3508,4.9985,-1.778,-1.7584,3.982,0.693,0.66108,0.81838,0.76367,0.107
-1.5032,-3.3551,4.9877,-1.778,-1.7589,3.9819,0.693,0.66097,0.81821,0.76392,0.107
-1.0237,-1.9417,0.29264,-2.0293,5,4.1308,0.693,1.066,0.74487,0.61188,0.107
-1.6486,-0.76574,0.078138,-1.577,4.9641,4.1138,0.693,1.0056,0.68766,0.60349,0.107
-1.5033,-3.3524,4.9963,-1.7779,-1.7585,3.982,0.693,0.66105,0.81835,0.76372,0.107
4.8381,4.8077,4.5772,-0.64358,1.3086,-2.8009,0.693,1.9016,1.7878,1.3279,0.107
-1.5032,-3.351,5,-1.778,-1.7584,3.9821,0.693,0.6611,0.81838,0.76364,0.107
-1.5032,-3.3506,5,-1.778,-1.7584,3.982,0.693,0.66106,0.81835,0.76371,0.107
-1.5032,-3.3466,4.9976,-1.7781,-1.7584,3.9821,0.693,0.66109,0.81839,0.76365,0.107
-1.6187,5,0.065962,-1.5879,4.9985,4.1359,0.693,0.95996,0.72487,0.61373,0.107
-1.5033,-3.345,5,-1.7781,-1.7582,3.9821,0.693,0.66111,0.81842,0.7636,0.107
-1.5032,-3.3521,4.9992,-1.778,-1.7587,3.9819,0.693,0.66102,0.81827,0.76382,0.107
-1.5032,-3.3526,4.9998,-1.7779,-1.7585,3.982,0.693,0.66103,0.81836,0.76373,0.107
-1.4636,-2.6624,-2.7666,5,-1.9014,4.3807,0.693,0.56189,0.89423,1.2452,0.107
-1.4635,-2.6624,-2.7665,4.9958,-1.9014,4.3808,0.693,0.56187,0.89426,1.2452,0.107
4.4458,4.3753,3.6557,0.10568,4.4228,-3.3031,0.693,1.9016,1.7878,1.3279,0.107
-1.5032,-3.3544,5,-1.7779,-1.7586,3.982,0.693,0.66102,0.81832,0.76378,0.107
-1.4504,4.8753,-1.9212,-1.8042,-1.8976,3.9657,0.693,0.57109,0.88134,1.0294,0.107
-1.5032,-3.3569,5,-1.7779,-1.7588,3.982,0.693,0.66097,0.81831,0.76384,0.107
-1.5033,-3.3442,4.9943,-1.7781,-1.7583,3.9821,0.693,0.66109,0.81843,0.7636,0.107
-1.5033,-3.3463,4.9962,-1.7781,-1.7578,3.982,0.693,0.661,0.81833,0.76379,0.107
-1.5031,-3.3632,4.9812,-1.7779,-1.7592,3.9818,0.693,0.66091,0.81817,0.76402,0.107
-1.0236,-1.9418,0.29088,-2.0293,5,4.1311,0.693,1.066,0.74492,0.61187,0.107
-1.5033,-3.351,4.9829,-1.7779,-1.7584,3.982,0.693,0.66107,0.81837,0.76368,0.107
-1.5031,-3.3613,5,-1.7779,-1.7591,3.9819,0.693,0.66096,0.81821,0.76392,0.107
-1.5031,-3.3598,4.8713,-1.7779,-1.7588,3.9819,0.693,0.661,0.81825,0.76386,0.107
-1.5032,-3.3505,4.9984,-1.778,-1.7582,3.9821,0.693,0.6611,0.81839,0.76364,0.107
-1.5034,-3.3449,4.9984,-1.7779,-1.7583,3.9821,0.693,0.66116,0.81838,0.76356,0.107
-1.5034,-3.3461,4.9976,-1.7779,-1.7582,3.9821,0.693,0.66114,0.81839,0.76358,0.107
-1.5031,-3.3648,4.9776,-1.7778,-1.7592,3.9819,0.693,0.66091,0.81822,0.76399,0.107
-1.5032,-3.3477,4.9999,-1.7781,-1.7583,3.9821,0.693,0.6611,0.81841,0.76361,0.107
-1.503,-3.3593,5,-1.778,-1.759,3.9819,0.693,0.66096,0.81829,0.76392,0.107
-1.0236,-1.9417,0.29078,-2.0293,5,4.1311,0.693,1.066,0.74492,0.61187,0.107
-1.5032,-3.3511,4.9973,-1.778,-1.7587,3.9819,0.693,0.66104,0.81824,0.76383,0.107
-1.5032,-3.3573,5,-1.7779,-1.7588,3.982,0.693,0.66098,0.81832,0.76381,0.107
-1.5031,-3.3548,4.9995,-1.778,-1.7588,3.9819,0.693,0.66101,0.81829,0.76382,0.107
-1.5035,-3.344,4.9941,-1.7778,-1.7581,3.9821,0.693,0.66121,0.81846,0.76345,0.107
-1.5036,-3.3451,5,-1.7777,-1.7581,3.982,0.693,0.66109,0.81841,0.76361,0.107
-1.5033,-3.3355,4.9816,-1.7782,-1.7574,3.9822,0.693,0.66132,0.81848,0.76329,0.107
-1.5033,-3.3426,4.9999,-1.7781,-1.7582,3.9821,0.693,0.66111,0.81842,0.76358,0.107
-1.5031,-3.361,4.9994,-1.7779,-1.7591,3.9819,0.693,0.66099,0.8183,0.76382,0.107
-1.5033,-3.3452,5,-1.778,-1.7583,3.9821,0.693,0.66107,0.81841,0.76363,0.107
3.5064,4.2208,4.1307,-2.9414,3.6171,-2.9665,0.693,1.9016,1.7878,1.3279,0.107
-1.5033,-3.3449,4.9974,-1.778,-1.7581,3.9821,0.693,0.66113,0.81842,0.76357,0.107
-1.5032,-3.3502,5,-1.778,-1.7584,3.982,0.693,0.66106,0.81838,0.76368,0.107
-1.5034,-3.3462,4.9995,-1.7779,-1.7582,3.9821,0.693,0.66111,0.81841,0.7636,0.107
-1.5034,-3.3431,4.9983,-1.7779,-1.758,3.9821,0.693,0.66117,0.81843,0.76351,0.107
-1.5032,-3.3547,5,-1.7779,-1.7586,3.982,0.693,0.66102,0.81834,0.76376,0.107
-1.0245,-1.936,0.29168,-2.0301,4.9975,4.1307,0.693,1.0662,0.74488,0.61169,0.107
-1.5033,-3.3471,4.9979,-1.778,-1.7583,3.9821,0.693,0.66108,0.81839,0.76365,0.107
-1.0238,-1.9405,0.29162,-2.0295,5,4.1309,0.693,1.066,0.74489,0.61184,0.107
-0.52893,-2.8508,5,0.35157,-0.22922,5,0.693,1.8605,1.7695,0.40964,0.107
-1.0238,-1.9405,0.29206,-2.0295,5,4.1309,0.693,1.066,0.74488,0.61184,0.107
-1.5033,-3.347,4.986,-1.7781,-1.7581,3.9821,0.693,0.66113,0.81841,0.76358,0.107
1.3719,4.4004,4.9289,-3.8034,3.2911,-3.8175,0.693,1.9016,1.7878,1.3279,0.107
-1.5031,-3.3587,4.9999,-1.7779,-1.759,3.9818,0.693,0.66095,0.8182,0.76397,0.107
1.6848,2.6727,-2.2113,3.3674,-0.17005,-4.9178,0.693,1.9016,1.7878,1.3279,0.107
-1.5031,-3.3607,4.9999,-1.7779,-1.7594,3.9817,0.693,0.66088,0.81811,0.76406,0.107
-1.5033,-3.3483,4.9999,-1.7779,-1.7583,3.9821,0.693,0.66111,0.81839,0.76362,0.107
-1.5032,-3.3484,4.9887,-1.778,-1.7586,3.9819,0.693,0.66104,0.8183,0.76378,0.107
-1.5031,-3.3603,4.9999,-1.7779,-1.759,3.9819,0.693,0.66094,0.81827,0.76389,0.107
-1.5032,-3.3497,4.9937,-1.778,-1.7585,3.9821,0.693,0.66109,0.81838,0.76365,0.107
-1.0238,-1.9412,0.29268,-2.0294,5,4.1308,0.693,1.066,0.74486,0.61187,0.107
-1.5031,-3.3589,4.9906,-1.7779,-1.759,3.9819,0.693,0.66099,0.81823,0.76391,0.107
-1.503,-3.3616,5,-1.778,-1.7591,3.9819,0.693,0.66097,0.81818,0.7639,0.107
3.7316,3.3107,2.3905,4.629,-2.3486,-4.9563,0.693,1.9016,1.7878,1.3279,0.107
-1.5033,-3.3527,4.9989,-1.7779,-1.7586,3.982,0.693,0.66107,0.81837,0.76368,0.107
-1.5031,-3.3524,5,-1.7781,-1.7585,3.9821,0.693,0.66108,0.81837,0.76367,0.107
-1.5031,-3.3622,4.9822,-1.7779,-1.7589,3.9819,0.693,0.66098,0.81824,0.7639,0.107
-1.5235,-5,-2.0339,-1.8308,-1.6737,3.9412,0.693,0.53691,0.8328,0.82496,0.107
-1.5031,-3.3536,4.9986,-1.778,-1.7589,3.9818,0.693,0.661,0.8182,0.76391,0.107
2.7793,2.8529,-4.8856,3.3456,2.1968,-0.95942,0.693,1.9016,1.7878,1.3279,0.107
-1.0239,-1.9404,0.29267,-2.0295,5,4.1308,0.693,1.0661,0.74486,0.61184,0.107
-1.5032,-3.3608,4.9999,-1.7779,-1.7591,3.9817,0.693,0.66099,0.81814,0.76399,0.107
-1.5032,-3.3502,4.9998,-1.778,-1.7584,3.982,0.693,0.66107,0.81838,0.76367,0.107
-1.5033,-3.3583,4.9993,-1.7779,-1.758,3.982,0.693,0.66115,0.81835,0.76362,0.107
-1.5034,-3.3418,4.9999,-1.778,-1.758,3.9821,0.693,0.66119,0.81843,0.76351,0.107
-1.5032,-3.3508,4.9972,-1.778,-1.7584,3.982,0.693,0.66108,0.81837,0.76367,0.107
-1.5034,-3.3499,4.9997,-1.7779,-1.7583,3.982,0.693,0.66107,0.81839,0.76364,0.107
-1.0237,-1.9412,0.29183,-2.0294,4.9995,4.131,0.693,1.066,0.74491,0.61181,0.107
-1.5032,-3.3522,4.9998,-1.778,-1.7584,3.982,0.693,0.66108,0.81837,0.76367,0.107
-1.5693,-4.9516,-2.2097,-1.7858,5,4.1977,0.693,0.61475,0.84784,0.52757,0.107
-1.5033,-3.3447,4.9999,-1.778,-1.7582,3.9821,0.693,0.66112,0.8184,0.7636,0.107
-1.5033,-3.3531,5,-1.7778,-1.7585,3.982,0.693,0.66106,0.81836,0.76371,0.107
-1.5033,-3.3522,4.9997,-1.7779,-1.7585,3.982,0.693,0.66107,0.81835,0.76369,0.107
-1.5033,-3.3439,4.9871,-1.7781,-1.7582,3.9821,0.693,0.66112,0.81839,0.7636,0.107
-1.5031,-3.3623,4.997,-1.7779,-1.7591,3.9819,0.693,0.66097,0.81822,0.76391,0.107
-1.5031,-3.3558,4.9995,-1.778,-1.7589,3.9819,0.693,0.66095,0.81831,0.76385,0.107
-1.5032,-3.3508,5,-1.778,-1.7586,3.982,0.693,0.66102,0.81835,0.76375,0.107
-1.5032,-3.3518,4.9805,-1.778,-1.7587,3.9819,0.693,0.66102,0.81825,0.76384,0.107
-1.5032,-3.3513,4.9989,-1.778,-1.7585,3.982,0.693,0.66106,0.81836,0.7637,0.107
-1.5031,-3.3562,5,-1.778,-1.7588,3.9819,0.693,0.66099,0.81824,0.76388,0.107
-1.5032,-3.3603,4.9841,-1.7779,-1.759,3.9819,0.693,0.66094,0.81824,0.76393,0.107
2.5707,3.0105,0.42227,2.4278,-0.39553,-4.0628,0.693,1.9016,1.7878,1.3279,0.107
-1.5032,-3.3527,4.9998,-1.778,-1.7585,3.982,0.693,0.66102,0.81835,0.76375,0.107
-1.5031,-3.3596,4.9846,-1.7779,-1.759,3.9819,0.693,0.66098,0.81824,0.7639,0.107
-1.5031,-3.3576,5,-1.7779,-1.7588,3.982,0.693,0.66097,0.81832,0.76384,0.107
-1.5033,-3.3573,4.9991,-1.7779,-1.7584,3.982,0.693,0.66107,0.81834,0.76371,0.107
-1.6487,-0.76621,0.078235,-1.5768,4.9814,4.1137,0.693,1.0057,0.68759,0.60341,0.107
-1.5031,-3.3632,5,-1.7779,-1.759,3.9819,0.693,0.66095,0.81826,0.7639,0.107
-1.5031,-3.3616,4.9946,-1.7779,-1.7592,3.9818,0.693,0.66093,0.81821,0.76398,0.107
-1.5032,-3.3484,4.9934,-1.778,-1.7583,3.9821,0.693,0.66111,0.8184,0.76361,0.107
-1.503,-3.3608,5,-1.778,-1.7589,3.9819,0.693,0.66096,0.81827,0.76388,0.107
-1.5033,-3.3514,4.9975,-1.7779,-1.7585,3.982,0.693,0.66105,0.81836,0.76371,0.107
-1.6485,-0.76603,0.077973,-1.577,4.9973,4.1138,0.693,1.0056,0.68769,0.6035,0.107
-1.5031,-3.3594,4.9533,-1.7779,-1.759,3.9819,0.693,0.66097,0.81823,0.76392,0.107
-1.5033,-3.3459,4.9997,-1.778,-1.7583,3.9821,0.693,0.66111,0.81839,0.76362,0.107
-1.5033,-3.3442,4.9998,-1.778,-1.7581,3.9821,0.693,0.66116,0.81844,0.76352,0.107
-1.5032,-3.3477,4.9964,-1.7781,-1.7581,3.982,0.693,0.66102,0.81834,0.76375,0.107
-1.5032,-3.3529,4.9999,-1.778,-1.7586,3.982,0.693,0.66104,0.8183,0.76378,0.107
-1.6186,5,0.06608,-1.588,5,4.1359,0.693,0.95987,0.72495,0.61378,0.107
-1.5032,-3.3548,5,-1.7779,-1.7586,3.982,0.693,0.66101,0.8183,0.7638,0.107
-1.5032,-3.3491,4.9998,-1.778,-1.7588,3.9819,0.693,0.66101,0.81829,0.76381,0.107
-1.5032,-3.3539,4.9888,-1.778,-1.7586,3.982,0.693,0.66102,0.81835,0.76376,0.107
-1.0237,-1.9418,0.29204,-2.0293,5,4.131,0.693,1.066,0.74488,0.6119,0.107
-1.5033,-3.3504,4.9981,-1.7779,-1.7584,3.982,0.693,0.66106,0.81836,0.7637,0.107
-1.5032,-3.3562,4.9832,-1.7779,-1.7588,3.9819,0.693,0.66102,0.81825,0.76385,0.107
-1.5032,-3.3486,4.9983,-1.778,-1.7583,3.9821,0.693,0.66108,0.81838,0.76366,0.107
-1.6187,5,0.065914,-1.5879,4.9944,4.1359,0.693,0.96001,0.72489,0.61371,0.107
-1.5032,-3.3518,5,-1.778,-1.7585,3.982,0.693,0.66104,0.81835,0.76373,0.107
-1.569,-4.9864,-2.2096,-1.786,5,4.1977,0.693,0.61472,0.84783,0.52756,0.107
-1.5032,-3.3526,4.9998,-1.778,-1.7586,3.982,0.693,0.66102,0.81834,0.76376,0.107
-1.503,-3.3737,4.9947,-1.7777,-1.7597,3.9818,0.693,0.66084,0.81816,0.7641,0.107
-1.503,-3.3611,4.9642,-1.778,-1.7592,3.9818,0.693,0.66095,0.81816,0.764,0.107
-1.0238,-1.9407,0.29194,-2.0294,5,4.1309,0.693,1.066,0.74488,0.61185,0.107
-1.5032,-3.3562,4.974,-1.778,-1.7589,3.9818,0.693,0.66103,0.81817,0.7639,0.107
3.7627,-3.3211,3.4676,0.88931,0.70077,-4.9126,0.693,1.9016,1.7878,1.3279,0.107
-1.5032,-3.352,4.9968,-1.778,-1.7585,3.982,0.693,0.66106,0.81836,0.7637,0.107
-1.4501,4.9457,-1.9192,-1.8045,-1.8978,3.966,0.693,0.57127,0.88141,1.0292,0.107
-1.5233,-4.9925,-2.0335,-1.8308,-1.6744,3.9412,0.693,0.53682,0.83273,0.82514,0.107
-1.5032,-3.3521,4.9999,-1.778,-1.7587,3.9819,0.693,0.66102,0.81825,0.76384,0.107
-1.5031,-3.3596,4.9882,-1.7779,-1.759,3.9819,0.693,0.66097,0.81823,0.76392,0.107
-1.5033,-3.3535,5,-1.7779,-1.7586,3.982,0.693,0.66106,0.81836,0.76369,0.107
-1.5032,-3.3489,4.9997,-1.778,-1.7583,3.9821,0.693,0.6611,0.81838,0.76363,0.107
-1.5032,-3.3565,4.9999,-1.7779,-1.7585,3.982,0.693,0.66105,0.81834,0.76374,0.107
-1.5234,-4.9881,-2.0342,-1.8309,-1.674,3.9412,0.693,0.53679,0.83279,0.82511,0.107
-1.5691,-4.9928,-2.2097,-1.7859,4.9996,4.1977,0.693,0.6147,0.84783,0.52757,0.107
-1.5031,-3.3545,4.9992,-1.7781,-1.7589,3.9819,0.693,0.66102,0.81821,0.76389,0.107
-1.5031,-3.3647,4.9989,-1.7779,-1.7591,3.9819,0.693,0.66095,0.81823,0.76394,0.107
-1.5032,-3.3462,4.9967,-1.7781,-1.7582,3.9821,0.693,0.66114,0.81841,0.76357,0.107
-1.5032,-3.3558,4.9957,-1.7779,-1.7588,3.9819,0.693,0.66101,0.81828,0.76383,0.107
-1.5638,-3.2214,5,5,-1.8988,4.355,0.693,0.93851,0.83827,1.1067,0.107
-1.5032,-3.3541,4.9991,-1.7779,-1.7586,3.982,0.693,0.66101,0.81835,0.76377,0.107
-1.0238,-1.9409,0.29254,-2.0294,5,4.1308,0.693,1.066,0.74487,0.61186,0.107
-1.5034,-3.3487,4.9555,-1.778,-1.7582,3.982,0.693,0.66116,0.81827,0.76367,0.107
-1.5032,-3.3517,4.9991,-1.778,-1.7585,3.982,0.693,0.66104,0.81834,0.76373,0.107
-1.0234,-1.9436,0.29209,-2.029,4.9996,4.131,0.693,1.0659,0.74489,0.61194,0.107
4.9248,-4.7407,-4.7491,2.8076,2.9841,-4.8251,0.693,1.9017,1.7876,1.3278,0.107
-1.5032,-3.3561,4.9992,-1.7779,-1.7588,3.9819,0.693,0.661,0.81827,0.76385,0.107
-1.0238,-1.9408,0.29272,-2.0294,5,4.1308,0.693,1.066,0.74486,0.61185,0.107
-1.0236,-1.9421,0.28843,-2.0292,5,4.1314,0.693,1.0659,0.74497,0.61187,0.107
-1.5032,-3.3486,4.998,-1.778,-1.7585,3.982,0.693,0.66107,0.81831,0.7637,0.107
-1.5033,-3.3464,4.9563,-1.778,-1.7582,3.9821,0.693,0.6611,0.81842,0.7636,0.107
-1.6485,-0.76569,0.07828,-1.5771,5,4.1137,0.693,1.0056,0.68764,0.6035,0.107
3.9489,2.8517,0.93831,4.5622,0.16284,-2.4637,0.693,1.9016,1.7878,1.3279,0.107
-1.5033,-3.3538,4.9984,-1.7778,-1.7587,3.9819,0.693,0.66102,0.81824,0.76387,0.107
-1.5032,-3.3542,4.9994,-1.778,-1.7586,3.9819,0.693,0.66101,0.81823,0.76384,0.107
-0.52893,-2.8508,5,0.35159,-0.22922,5,0.693,1.8604,1.7695,0.40968,0.107
-1.5032,-3.3494,4.9996,-1.778,-1.7585,3.982,0.693,0.66106,0.81837,0.76369,0.107
-1.5031,-3.35,4.9915,-1.7781,-1.7586,3.982,0.693,0.66105,0.81834,0.76373,0.107
-1.5032,-3.3462,4.9998,-1.7781,-1.7584,3.982,0.693,0.6611,0.81833,0.76369,0.107
-1.5035,-3.3453,4.9985,-1.7777,-1.7581,3.9821,0.693,0.66115,0.81842,0.76355,0.107
-1.5033,-3.345,4.9996,-1.778,-1.7582,3.9821,0.693,0.66111,0.81842,0.76359,0.107
-1.5032,-3.3413,4.9999,-1.7781,-1.7583,3.9821,0.693,0.66112,0.81842,0.76358,0.107
-1.0236,-1.9425,0.29212,-2.0292,4.9996,4.131,0.693,1.066,0.7449,0.6119,0.107
-1.0235,-1.943,0.29249,-2.0291,4.9995,4.1309,0.693,1.066,0.74486,0.61193,0.107
-1.5031,-3.365,4.9995,-1.7778,-1.759,3.9819,0.693,0.66077,0.81826,0.76403,0.107
-1.5033,-3.3487,4.9999,-1.778,-1.7583,3.9821,0.693,0.66109,0.81839,0.76364,0.107
-1.6186,5,0.066052,-1.588,5,4.1359,0.693,0.9599,0.72494,0.61376,0.107
-1.5033,-3.3477,4.9986,-1.778,-1.7583,3.9821,0.693,0.6611,0.8184,0.76362,0.107
-1.5231,-4.9996,-2.0314,-1.831,-1.6756,3.9411,0.693,0.5369,0.83252,0.82526,0.107
-1.6186,5,0.066151,-1.588,5,4.1359,0.693,0.95988,0.72494,0.61378,0.107
-1.5638,-3.2209,5,5,-1.8989,4.3551,0.693,0.93844,0.83832,1.1067,0.107
-1.0237,-1.9411,0.29133,-2.0293,5,4.131,0.693,1.066,0.74491,0.61186,0.107
-1.5032,-3.3487,4.9999,-1.778,-1.7584,3.9821,0.693,0.66109,0.81839,0.76364,0.107
-1.6187,5,0.066916,-1.5879,4.9985,4.1358,0.693,0.95998,0.72486,0.61374,0.107
-1.5033,-3.3492,4.9981,-1.778,-1.7582,3.982,0.693,0.66113,0.81836,0.76363,0.107
-1.5234,-4.9935,-2.0334,-1.8308,-1.6745,3.9411,0.693,0.53681,0.8327,0.82518,0.107
-1.5032,-3.3527,4.9973,-1.778,-1.7585,3.982,0.693,0.66106,0.81836,0.7637,0.107
-1.2628,0.20919,-3.5004,4.9964,-1.7651,4.4481,0.693,0.61582,0.90031,1.3688,0.107
-1.5032,-3.3515,4.9996,-1.778,-1.7584,3.982,0.693,0.66107,0.81837,0.76369,0.107
-1.5032,-3.3537,4.9955,-1.778,-1.7587,3.9819,0.693,0.66101,0.81827,0.76383,0.107
-1.5032,-3.3493,4.9998,-1.778,-1.7585,3.982,0.693,0.66106,0.81837,0.76368,0.107
-1.5033,-3.3506,4.986,-1.7779,-1.7584,3.982,0.693,0.66109,0.81836,0.76366,0.107
-1.5233,-5,-2.0321,-1.8309,-1.6748,3.9412,0.693,0.53696,0.83262,0.8251,0.107
-1.5032,-3.3504,4.9967,-1.7781,-1.7584,3.982,0.693,0.66107,0.81836,0.76368,0.107
-1.5033,-3.3431,5,-1.778,-1.7581,3.9821,0.693,0.66116,0.81844,0.76353,0.107
-1.5029,-3.378,4.6208,-1.7776,-1.7598,3.9819,0.693,0.66096,0.81822,0.76388,0.107
-1.5032,-3.3525,4.9999,-1.778,-1.7586,3.982,0.693,0.66104,0.81831,0.76377,0.107
-1.5032,-3.3488,4.9984,-1.778,-1.7584,3.982,0.693,0.66106,0.81838,0.76368,0.107
-1.5032,-3.3552,4.998,-1.7779,-1.7587,3.982,0.693,0.66101,0.81834,0.76378,0.107
1.1476,3.8912,-3.1868,3.0138,-0.90308,-2.3952,0.693,1.9016,1.7878,1.3279,0.107
-1.5031,-3.3574,5,-1.7779,-1.7588,3.982,0.693,0.66098,0.81832,0.76382,0.107
-1.5032,-3.3566,4.9989,-1.7779,-1.7589,3.9818,0.693,0.66097,0.81821,0.76393,0.107
-1.5033,-3.3507,4.9995,-1.7779,-1.7584,3.982,0.693,0.66105,0.81836,0.7637,0.107
-1.5034,-3.3478,4.9995,-1.7779,-1.7583,3.9821,0.693,0.66109,0.81839,0.76364,0.107
-1.5032,-3.3514,4.9999,-1.778,-1.7584,3.982,0.693,0.66106,0.81836,0.7637,0.107
-1.5032,-3.3516,4.997,-1.778,-1.7585,3.982,0.693,0.66104,0.81835,0.76373,0.107
-1.5032,-3.3525,4.9905,-1.778,-1.7587,3.9819,0.693,0.66103,0.81827,0.76382,0.107
-1.5031,-3.3489,4.9992,-1.7782,-1.7583,3.9821,0.693,0.66113,0.81839,0.7636,0.107
-1.5033,-3.3481,4.9879,-1.7779,-1.7586,3.982,0.693,0.66109,0.81829,0.76373,0.107
2.5785,4.6072,3.849,2.2857,-0.17396,-4.1191,0.693,1.9016,1.7878,1.3279,0.107
-1.5031,-3.3487,4.9857,-1.7781,-1.7584,3.9821,0.693,0.66108,0.81838,0.76366,0.107
-1.503,-3.3678,5,-1.7779,-1.7594,3.9818,0.693,0.66085,0.81815,0.76411,0.107
-1.0243,-1.9367,0.29191,-2.03,4.8397,4.1307,0.693,1.0662,0.74485,0.61176,0.107
-1.5031,-3.353,4.9992,-1.7781,-1.7587,3.9819,0.693,0.66103,0.81825,0.76383,0.107
-1.6186,5,0.066375,-1.588,5,4.1359,0.693,0.95999,0.72487,0.61373,0.107
-1.5036,-3.3354,4.9912,-1.7779,-1.7577,3.9822,0.693,0.66129,0.81849,0.76333,0.107
-1.4843,0.099444,4.9907,0.89299,-1.9243,4.3895,0.693,0.92528,0.83158,1.3244,0.107
3.249,-1.4498,2.9045,-0.79952,3.6721,-1.329,0.693,1.9016,1.7878,1.3279,0.107
-1.5033,-3.3501,5,-1.778,-1.7582,3.982,0.693,0.66101,0.81835,0.76376,0.107
1.5656,-3.6242,0.73909,-1.2432,3.984,-4.2547,0.693,1.9016,1.7878,1.3279,0.107
-1.5032,-3.3559,4.9995,-1.7779,-1.7584,3.982,0.693,0.66107,0.81835,0.7637,0.107
-1.5034,-3.3382,4.9996,-1.778,-1.7579,3.9822,0.693,0.66123,0.81845,0.76344,0.107
-1.5033,-3.3394,4.9983,-1.7781,-1.758,3.9822,0.693,0.66126,0.81846,0.76339,0.107
3.0694,2.5505,3.6882,2.6529,4.0807,-2.8175,0.693,1.9016,1.7878,1.3279,0.107
-1.5032,-3.3513,4.9988,-1.778,-1.7585,3.982,0.693,0.66105,0.81834,0.76374,0.107
-1.5031,-3.3561,5,-1.778,-1.7589,3.9819,0.693,0.66098,0.81827,0.76386,0.107
-1.5033,-3.3526,4.9996,-1.7779,-1.7585,3.982,0.693,0.66104,0.81835,0.76374,0.107
-1.5033,-3.3479,4.9778,-1.778,-1.7583,3.9821,0.693,0.66108,0.81839,0.76365,0.107
-1.5032,-3.3541,4.9984,-1.7779,-1.7587,3.9819,0.693,0.66099,0.81827,0.76386,0.107
-1.5031,-3.3574,4.9978,-1.778,-1.7589,3.9819,0.693,0.66099,0.81825,0.76388,0.107
-1.5032,-3.3539,4.9999,-1.7779,-1.7585,3.982,0.693,0.66104,0.81835,0.76373,0.107
-1.5032,-3.3548,4.9975,-1.778,-1.7591,3.9817,0.693,0.661,0.81813,0.76398,0.107
-1.5032,-3.3535,4.9993,-1.7779,-1.7587,3.9819,0.693,0.66103,0.81828,0.7638,0.107
-1.5031,-3.3577,4.9357,-1.7779,-1.759,3.9819,0.693,0.66098,0.81821,0.76392,0.107
-1.5032,-3.3572,5,-1.7779,-1.7588,3.982,0.693,0.661,0.81833,0.76379,0.107
-1.5032,-3.356,4.9997,-1.7779,-1.7587,3.982,0.693,0.66102,0.81834,0.76376,0.107
-1.6185,5,0.065884,-1.588,5,4.136,0.693,0.95974,0.72507,0.61379,0.107
-1.5032,-3.3572,5,-1.7779,-1.7585,3.982,0.693,0.66105,0.81831,0.76372,0.107
-1.5032,-3.3465,4.9502,-1.7781,-1.7586,3.9819,0.693,0.66102,0.81829,0.76379,0.107
-1.0238,-1.9411,0.29258,-2.0294,5,4.1309,0.693,1.066,0.74487,0.61186,0.107
-1.5033,-3.3503,4.998,-1.778,-1.7584,3.982,0.693,0.66107,0.8183,0.76372,0.107
2.8829,4.5215,-1.4666,3.2628,3.7367,-2.3037,0.693,1.9016,1.7878,1.3279,0.107
-1.5031,-3.3582,4.9034,-1.7779,-1.7591,3.9818,0.693,0.66098,0.81818,0.76395,0.107
-1.5032,-3.3488,5,-1.778,-1.7583,3.9821,0.693,0.66113,0.8184,0.76359,0.107
-1.5031,-3.3579,5,-1.778,-1.7589,3.9819,0.693,0.66101,0.81822,0.76389,0.107
-1.0235,-1.9432,0.29183,-2.0291,4.9933,4.131,0.693,1.0659,0.7449,0.61192,0.107
2.6534,2.1399,4.9593,4.1923,0.87973,-2.8799,0.693,1.9016,1.7878,1.3279,0.107
-1.5031,-3.3636,4.9988,-1.7779,-1.7591,3.9818,0.693,0.66095,0.81817,0.76397,0.107
-1.5032,-3.351,5,-1.7779,-1.7585,3.982,0.693,0.66104,0.81832,0.76375,0.107
-1.6186,5,0.066056,-1.588,4.9993,4.1359,0.693,0.9599,0.72494,0.61376,0.107
0.19665,1.5702,-0.081532,0.84014,2.7501,1.2154,0.693,1.9017,1.7877,1.3279,0.107
-1.5032,-3.3561,5,-1.7779,-1.7586,3.982,0.693,0.66098,0.81832,0.76381,0.107
-1.5031,-3.3623,4.9849,-1.7779,-1.7589,3.9819,0.693,0.66097,0.81826,0.7639,0.107
-1.5033,-3.3504,4.9996,-1.778,-1.7585,3.982,0.693,0.66107,0.81832,0.76371,0.107
-1.5032,-3.3547,4.9995,-1.7779,-1.7586,3.982,0.693,0.66099,0.81834,0.76379,0.107
-1.5033,-3.3541,4.9999,-1.7779,-1.7585,3.982,0.693,0.66097,0.81823,0.76385,0.107
-1.5033,-3.3476,5,-1.778,-1.7582,3.9821,0.693,0.66111,0.81841,0.76361,0.107
-1.6487,-0.76599,0.078239,-1.5769,4.9926,4.1138,0.693,1.0057,0.68762,0.60345,0.107
-1.0238,-1.9406,0.29162,-2.0294,5,4.1309,0.693,1.066,0.74489,0.61184,0.107
-1.4844,0.099594,4.9903,0.89351,-1.9243,4.3895,0.693,0.92531,0.83155,1.3244,0.107
-1.5033,-3.3486,4.9986,-1.778,-1.7582,3.9821,0.693,0.66112,0.81837,0.76363,0.107
-1.5031,-3.3618,4.9999,-1.7779,-1.759,3.9819,0.693,0.66093,0.81821,0.76397,0.107
-1.5031,-3.3649,4.9994,-1.7778,-1.7591,3.9818,0.693,0.66091,0.81821,0.76399,0.107
-1.5033,-3.352,4.9999,-1.7779,-1.7585,3.982,0.693,0.66103,0.81835,0.76375,0.107
-1.5031,-3.3589,4.9988,-1.7779,-1.7591,3.9818,0.693,0.66095,0.81817,0.76398,0.107
-1.0238,-1.9409,0.29252,-2.0294,4.9999,4.1308,0.693,1.066,0.74486,0.61186,0.107
-1.5035,-3.3326,4.8809,-1.778,-1.7576,3.9822,0.693,0.6613,0.81845,0.76338,0.107
-1.5032,-3.35,4.9988,-1.778,-1.7587,3.9819,0.693,0.66102,0.81829,0.76381,0.107
-1.5033,-3.3481,5,-1.778,-1.7583,3.9821,0.693,0.66108,0.8184,0.76363,0.107
-1.0238,-1.9407,0.29214,-2.0294,4.9998,4.1309,0.693,1.066,0.74488,0.61185,0.107
-1.0236,-1.9423,0.29219,-2.0292,4.9994,4.131,0.693,1.066,0.74488,0.61191,0.107
-1.5032,-3.3483,4.999,-1.778,-1.7585,3.982,0.693,0.66106,0.81835,0.76371,0.107
-1.503,-3.3569,4.9845,-1.7781,-1.7591,3.9819,0.693,0.66096,0.81825,0.7639,0.107
2.4389,-3.6928,0.46008,1.6954,3.0738,-1.6337,0.693,1.9016,1.7876,1.3278,0.107
4.6221,-3.7407,-1.7169,4.034,-0.50992,-1.6363,0.693,1.9016,1.7878,1.3279,0.107
-1.5031,-3.3579,4.9994,-1.7779,-1.759,3.9819,0.693,0.66096,0.81831,0.76384,0.107
-1.5031,-3.3611,4.9882,-1.7779,-1.7591,3.9818,0.693,0.66096,0.81815,0.76401,0.107
-1.5033,-3.3503,5,-1.7779,-1.7585,3.982,0.693,0.66105,0.81836,0.76372,0.107
-1.5033,-3.3491,4.9991,-1.778,-1.7583,3.9821,0.693,0.66109,0.8184,0.76364,0.107
-1.0238,-1.941,0.29392,-2.0294,5,4.1306,0.693,1.0661,0.7448,0.61189,0.107
-1.5033,-3.3506,4.9997,-1.778,-1.7585,3.982,0.693,0.66104,0.81832,0.76376,0.107
-1.5031,-3.3665,4.982,-1.7778,-1.7592,3.9818,0.693,0.66083,0.8182,0.76407,0.107
-1.5032,-3.3532,4.9967,-1.778,-1.7586,3.982,0.693,0.66102,0.81836,0.76374,0.107
-1.5032,-3.3495,4.9998,-1.778,-1.7584,3.9821,0.693,0.66107,0.81839,0.76366,0.107
-1.5033,-3.3492,4.9883,-1.7779,-1.7584,3.982,0.693,0.66107,0.81839,0.76367,0.107
-1.5032,-3.3528,4.9911,-1.7779,-1.7585,3.982,0.693,0.66103,0.81835,0.76374,0.107
-1.5638,-3.2211,5,5,-1.8988,4.355,0.693,0.93844,0.83826,1.1066,0.107
-1.5032,-3.3582,5,-1.7779,-1.7588,3.982,0.693,0.661,0.8183,0.76383,0.107
-1.5032,-3.3462,4.9994,-1.7781,-1.7582,3.9821,0.693,0.66112,0.81842,0.76358,0.107
-1.5032,-3.3502,4.9772,-1.778,-1.7584,3.982,0.693,0.66108,0.81835,0.76369,0.107
-1.5033,-3.3509,4.9989,-1.7779,-1.7584,3.982,0.693,0.66109,0.81838,0.76365,0.107
-1.5032,-3.3483,4.973,-1.778,-1.7584,3.9821,0.693,0.66107,0.81838,0.76367,0.107
-1.5032,-3.351,4.9997,-1.778,-1.7585,3.982,0.693,0.66104,0.81836,0.76372,0.107
-1.5032,-3.3532,4.9992,-1.7779,-1.7585,3.982,0.693,0.66106,0.81836,0.76369,0.107
-1.5032,-3.3547,5,-1.778,-1.7587,3.9819,0.693,0.66104,0.81827,0.76381,0.107
-1.5033,-3.347,4.9945,-1.778,-1.7583,3.9821,0.693,0.6611,0.81836,0.76364,0.107
-1.5033,-3.3478,4.9654,-1.778,-1.7582,3.9821,0.693,0.66112,0.8184,0.76359,0.107
-1.5031,-3.3598,5,-1.7779,-1.759,3.9818,0.693,0.66097,0.81822,0.76393,0.107
-1.5032,-3.3523,4.9989,-1.778,-1.7586,3.982,0.693,0.66105,0.81834,0.76373,0.107
-1.5032,-3.3533,4.9967,-1.7779,-1.7585,3.982,0.693,0.66104,0.81835,0.76373,0.107
-1.5032,-3.3531,4.9998,-1.778,-1.7589,3.9817,0.693,0.66105,0.81815,0.76391,0.107
-1.5033,-3.3487,4.9987,-1.778,-1.7583,3.9821,0.693,0.66107,0.8184,0.76364,0.107
-1.5032,-3.3553,4.9999,-1.778,-1.7586,3.982,0.693,0.66097,0.81828,0.76385,0.107
-1.5033,-3.3478,4.9991,-1.778,-1.7581,3.9821,0.693,0.66112,0.81839,0.76362,0.107
-1.5032,-3.3563,5,-1.7779,-1.7586,3.982,0.693,0.66102,0.81835,0.76375,0.107
-1.5032,-3.3629,4.9988,-1.7779,-1.7589,3.9819,0.693,0.66097,0.81823,0.76392,0.107
-1.5031,-3.3598,4.9994,-1.7779,-1.7589,3.9819,0.693,0.66096,0.81825,0.76391,0.107
-1.5032,-3.3492,5,-1.778,-1.7584,3.9821,0.693,0.66108,0.81839,0.76366,0.107
-1.4843,0.099057,4.6239,0.88473,-1.924,4.3905,0.693,0.92443,0.83241,1.3244,0.107
-1.5033,-3.356,5,-1.7778,-1.7587,3.982,0.693,0.66096,0.81828,0.76379,0.107
-1.5031,-3.36,4.9943,-1.7779,-1.759,3.9818,0.693,0.66096,0.81822,0.76394,0.107
-1.5032,-3.357,4.9999,-1.7779,-1.7587,3.982,0.693,0.661,0.81832,0.7638,0.107
-1.5032,-3.3533,4.9995,-1.778,-1.7585,3.982,0.693,0.66104,0.81836,0.76372,0.107
-1.0244,-1.936,0.29158,-2.0301,5,4.1307,0.693,1.0662,0.74488,0.6117,0.107
-1.5032,-3.3506,4.9997,-1.778,-1.7584,3.9821,0.693,0.6611,0.81838,0.76364,0.107
-1.5032,-3.3522,4.9994,-1.778,-1.7586,3.982,0.693,0.66104,0.81834,0.76374,0.107
-1.4843,0.099843,4.9963,0.89297,-1.9243,4.3895,0.693,0.92532,0.83154,1.3244,0.107
-1.5638,-3.2215,5,5,-1.8989,4.355,0.693,0.93844,0.83836,1.1066,0.107
2.8858,2.6648,1.9461,4.0114,-3.3854,-4.0569,0.693,1.9016,1.7878,1.3279,0.107
-1.5032,-3.351,5,-1.778,-1.7584,3.982,0.693,0.66106,0.81837,0.76368,0.107
-1.5031,-3.3592,5,-1.778,-1.759,3.9818,0.693,0.66096,0.81817,0.76397,0.107
-1.5032,-3.3491,5,-1.778,-1.7585,3.982,0.693,0.66108,0.81837,0.76368,0.107
3.8567,4.8284,2.2717,0.039026,-3.4793,-3.5895,0.693,1.9016,1.7878,1.3279,0.107
-1.5032,-3.3538,4.999,-1.7779,-1.7587,3.982,0.693,0.66101,0.81829,0.76381,0.107
-1.5035,-3.3391,4.9965,-1.778,-1.7578,3.9821,0.693,0.66121,0.81844,0.76344,0.107
-1.0238,-1.9407,0.29132,-2.0294,5,4.131,0.693,1.066,0.74491,0.61184,0.107
-1.6185,5,0.066525,-1.5881,5,4.1359,0.693,0.96007,0.72482,0.61377,0.107
-1.6186,5,0.066393,-1.588,5,4.1359,0.693,0.95989,0.72495,0.6138,0.107
1.6462,2.5081,-4.612,3.4017,-4.1368,-4.7914,0.693,1.9016,1.7878,1.3279,0.107
-1.5033,-3.3508,5,-1.7779,-1.7584,3.982,0.693,0.66106,0.81837,0.7637,0.107
-1.5032,-3.3516,4.9649,-1.778,-1.7585,3.9819,0.693,0.66108,0.81825,0.76374,0.107
-1.5033,-3.3497,4.9999,-1.7779,-1.7584,3.982,0.693,0.66107,0.81838,0.76367,0.107
-1.5032,-3.3509,4.9979,-1.778,-1.7586,3.982,0.693,0.66104,0.81832,0.76376,0.107
-1.5032,-3.3553,4.9997,-1.7779,-1.7586,3.982,0.693,0.66099,0.81833,0.7638,0.107
-1.5032,-3.3557,5,-1.7779,-1.7587,3.9819,0.693,0.66112,0.8184,0.7638,0.107
-1.0237,-1.9414,0.29203,-2.0293,4.9998,4.1309,0.693,1.066,0.74488,0.61187,0.107
-1.6488,-0.76601,0.078722,-1.5768,4.9854,4.1137,0.693,1.0058,0.68753,0.60337,0.107
-1.5033,-3.3459,4.954,-1.778,-1.7582,3.9821,0.693,0.66112,0.81841,0.76359,0.107
-1.5032,-3.3588,4.9986,-1.7779,-1.7588,3.9819,0.693,0.66098,0.81828,0.76385,0.107
-1.5033,-3.3461,5,-1.7781,-1.7581,3.9821,0.693,0.66114,0.81842,0.76355,0.107
-1.5033,-3.3449,5,-1.778,-1.7582,3.9821,0.693,0.66111,0.81842,0.76359,0.107
-1.5032,-3.3511,5,-1.778,-1.7587,3.9819,0.693,0.66103,0.81826,0.76382,0.107
-1.6187,5,0.066408,-1.5879,4.9997,4.1358,0.693,0.95998,0.7249,0.61373,0.107
-1.4844,0.099427,4.9989,0.89355,-1.9243,4.3896,0.693,0.92527,0.83159,1.3244,0.107
-1.5034,-3.3474,4.9977,-1.7779,-1.7582,3.9821,0.693,0.66112,0.81839,0.7636,0.107
-1.5031,-3.3583,5,-1.7779,-1.7588,3.9819,0.693,0.66095,0.81828,0.7639,0.107
-1.5032,-3.3477,4.9993,-1.778,-1.7585,3.982,0.693,0.66105,0.81836,0.76371,0.107
-1.5636,-3.2226,5,5,-1.899,4.355,0.693,0.93822,0.83851,1.1066,0.107
-1.5032,-3.3561,4.8016,-1.778,-1.759,3.9818,0.693,0.66098,0.81818,0.76395,0.107
-1.2629,0.20882,-3.4995,5,-1.765,4.4486,0.693,0.6152,0.90094,1.3688,0.107
-1.5638,-3.2213,5,5,-1.8989,4.3551,0.693,0.93841,0.83837,1.1067,0.107
-1.5033,-3.3509,5,-1.778,-1.7583,3.9821,0.693,0.6611,0.81837,0.76365,0.107
-1.4844,0.099756,4.9968,0.89282,-1.9243,4.3895,0.693,0.92527,0.83159,1.3244,0.107
-1.5032,-3.3495,5,-1.778,-1.7587,3.9819,0.693,0.66104,0.81827,0.7638,0.107
-1.5032,-3.3593,4.9956,-1.7779,-1.7587,3.982,0.693,0.66097,0.81825,0.76388,0.107
-1.5032,-3.3506,4.9979,-1.778,-1.7584,3.9821,0.693,0.66107,0.81838,0.76367,0.107
-1.569,-4.9874,-2.2097,-1.786,4.9957,4.1977,0.693,0.6147,0.84783,0.52757,0.107
-1.2628,0.20915,-3.4998,4.9999,-1.7651,4.4482,0.693,0.61569,0.90047,1.3688,0.107
-1.5032,-3.351,5,-1.7779,-1.7588,3.9818,0.693,0.66104,0.81818,0.76387,0.107
-1.5033,-3.3553,5,-1.7778,-1.7588,3.9818,0.693,0.66102,0.81821,0.76391,0.107
4.9979,-2.7123,3.2041,0.46392,0.3677,-5,0.693,1.9015,1.7878,1.3279,0.107
-1.5033,-3.3509,4.9998,-1.7778,-1.7585,3.982,0.693,0.66108,0.81832,0.76371,0.107
-1.5032,-3.3518,4.9993,-1.7779,-1.7585,3.982,0.693,0.66104,0.81833,0.76375,0.107
-1.5033,-3.3522,4.9774,-1.7779,-1.7585,3.982,0.693,0.66109,0.81838,0.76365,0.107
-1.5031,-3.3533,4.9987,-1.778,-1.7588,3.9819,0.693,0.66102,0.81824,0.76386,0.107
-1.5032,-3.3543,4.999,-1.7779,-1.7586,3.9819,0.693,0.66097,0.81823,0.76388,0.107
-1.5035,-3.3371,4.9999,-1.7779,-1.7576,3.9822,0.693,0.66123,0.81848,0.76341,0.107
-1.5031,-3.3607,5,-1.7779,-1.7589,3.9819,0.693,0.66098,0.81826,0.76388,0.107
-1.0237,-1.9413,0.29174,-2.0293,5,4.1309,0.693,1.066,0.74489,0.61186,0.107
-1.5691,-4.992,-2.2097,-1.7859,4.9981,4.1977,0.693,0.61469,0.84784,0.52758,0.107
-1.5029,-3.3733,4.9968,-1.7779,-1.7596,3.9818,0.693,0.66092,0.81818,0.76401,0.107
-1.5031,-3.3549,4.9055,-1.778,-1.759,3.9818,0.693,0.66098,0.81818,0.76394,0.107
-1.0238,-1.9411,0.29266,-2.0294,5,4.1308,0.693,1.066,0.74486,0.61186,0.107
-1.5032,-3.3514,4.9994,-1.778,-1.7585,3.982,0.693,0.66105,0.81837,0.7637,0.107
-1.5032,-3.3523,4.9993,-1.7779,-1.7585,3.982,0.693,0.66108,0.81838,0.76366,0.107
-1.0238,-1.9403,0.29129,-2.0295,5,4.131,0.693,1.066,0.74491,0.61182,0.107
3.5223,4.2054,-2.4845,-3.5154,-0.95955,-4.7541,0.693,1.9016,1.7878,1.3279,0.107
-1.5031,-3.3538,4.9994,-1.778,-1.7588,3.9819,0.693,0.66101,0.81828,0.76383,0.107
-1.5032,-3.3532,4.9985,-1.7779,-1.7586,3.982,0.693,0.66108,0.81836,0.76368,0.107
-1.5032,-3.3501,4.9606,-1.778,-1.7586,3.982,0.693,0.66102,0.81836,0.76374,0.107
-1.5032,-3.3562,4.9995,-1.7779,-1.7587,3.9819,0.693,0.661,0.81829,0.76383,0.107
-1.0238,-1.9408,0.29266,-2.0294,5,4.1308,0.693,1.066,0.74486,0.61185,0.107
-1.5031,-3.3564,4.9998,-1.778,-1.7589,3.9818,0.693,0.661,0.81821,0.76391,0.107
-1.5032,-3.3469,4.964,-1.778,-1.7583,3.9821,0.693,0.66108,0.81842,0.76362,0.107
-1.5032,-3.3579,5,-1.7779,-1.7588,3.9819,0.693,0.66102,0.81829,0.76382,0.107
-1.5033,-3.3459,5,-1.778,-1.7582,3.9821,0.693,0.66112,0.81841,0.76359,0.107
-1.5691,-4.9985,-2.2076,-1.7861,5,4.1978,0.693,0.6152,0.84764,0.52723,0.107
-1.503,-3.3577,5,-1.7782,-1.7587,3.982,0.693,0.66102,0.81832,0.76379,0.107
-1.5031,-3.3609,4.9974,-1.7779,-1.7589,3.9819,0.693,0.66097,0.81827,0.76387,0.107
-1.6187,5,0.066704,-1.5879,4.9987,4.1358,0.693,0.95998,0.72488,0.61375,0.107
-1.5033,-3.3566,4.9944,-1.7779,-1.7584,3.982,0.693,0.66104,0.81835,0.76376,0.107
-1.5032,-3.3498,4.9973,-1.778,-1.7587,3.9819,0.693,0.66104,0.8183,0.76378,0.107
-1.5031,-3.3574,4.9983,-1.778,-1.7589,3.9819,0.693,0.66099,0.81821,0.76391,0.107
-1.5034,-3.3441,4.9902,-1.778,-1.758,3.9821,0.693,0.66115,0.81843,0.76354,0.107
-1.5032,-3.3538,4.9999,-1.778,-1.7589,3.9818,0.693,0.66105,0.81818,0.76389,0.107
-1.5031,-3.3601,4.9897,-1.7779,-1.759,3.9819,0.693,0.66096,0.81822,0.76393,0.107
3.3665,2.0354,-1.0179,-4.8089,-2.5837,-4.8997,0.693,1.9016,1.7878,1.3279,0.107
-1.5032,-3.3613,4.9843,-1.7778,-1.7592,3.9818,0.693,0.66093,0.81816,0.76403,0.107
-1.5033,-3.3468,4.9519,-1.7779,-1.7582,3.9821,0.693,0.66112,0.81839,0.7636,0.107
-1.0236,-1.9419,0.29125,-2.0292,4.9999,4.131,0.693,1.066,0.74491,0.61188,0.107
-1.6486,-0.76579,0.078286,-1.5769,4.9768,4.1137,0.693,1.0056,0.68763,0.60347,0.107
-1.4843,0.098582,5,0.89366,-1.9242,4.3898,0.693,0.92511,0.83176,1.3244,0.107
-1.5031,-3.3517,5,-1.778,-1.7587,3.982,0.693,0.66104,0.81835,0.76373,0.107
-1.5033,-3.3468,4.9958,-1.778,-1.7583,3.9821,0.693,0.6611,0.81842,0.7636,0.107
-1.5032,-3.3501,4.9993,-1.778,-1.7584,3.982,0.693,0.66106,0.81838,0.76368,0.107
-1.5032,-3.3501,5,-1.778,-1.7583,3.982,0.693,0.66107,0.81837,0.76367,0.107
-1.5033,-3.3468,4.9938,-1.778,-1.7582,3.9821,0.693,0.66113,0.81841,0.76358,0.107
-1.5031,-3.3603,4.9795,-1.778,-1.7591,3.9817,0.693,0.66099,0.81815,0.76397,0.107
-1.5638,-3.2206,5,5,-1.8988,4.355,0.693,0.93847,0.83812,1.1067,0.107
-1.5032,-3.3582,4.9995,-1.7779,-1.7588,3.9819,0.693,0.66099,0.81826,0.76387,0.107
-1.5033,-3.3446,4.967,-1.778,-1.7581,3.9821,0.693,0.66113,0.81843,0.76356,0.107
-1.5032,-3.3561,5,-1.7779,-1.7587,3.9819,0.693,0.66101,0.81828,0.76383,0.107
-1.5032,-3.3549,4.9995,-1.7779,-1.7587,3.982,0.693,0.66101,0.81834,0.76377,0.107
-1.5032,-3.3544,4.9993,-1.7779,-1.7586,3.982,0.693,0.66101,0.81834,0.76376,0.107
-1.5033,-3.3494,4.9987,-1.778,-1.7583,3.982,0.693,0.66102,0.81834,0.76375,0.107
-1.5033,-3.3502,4.9977,-1.778,-1.7584,3.982,0.693,0.66108,0.81837,0.76367,0.107
-1.5032,-3.3531,4.988,-1.7779,-1.7586,3.982,0.693,0.66106,0.81833,0.76373,0.107
-1.5032,-3.3575,4.9999,-1.7778,-1.7588,3.982,0.693,0.661,0.81831,0.7638,0.107
-1.5032,-3.3532,4.9791,-1.778,-1.7585,3.982,0.693,0.66102,0.81836,0.76374,0.107
-1.5032,-3.3492,5,-1.778,-1.7584,3.982,0.693,0.66106,0.81836,0.7637,0.107
-1.5032,-3.3509,5,-1.778,-1.7585,3.982,0.693,0.66105,0.81837,0.7637,0.107
-1.5032,-3.3533,4.999,-1.7779,-1.7586,3.982,0.693,0.66103,0.81832,0.76377,0.107
-1.4382,4.9997,4.9815,-1.8175,-1.8597,4.0058,0.693,0.70126,0.89228,0.95537,0.107
-1.5236,-4.9946,-2.0343,-1.8307,-1.6739,3.9412,0.693,0.53677,0.8328,0.82511,0.107
-1.0237,-1.9417,0.29154,-2.0293,5,4.131,0.693,1.066,0.74491,0.61187,0.107
-1.5032,-3.3522,4.9826,-1.778,-1.7586,3.982,0.693,0.66103,0.81832,0.76377,0.107
-1.5032,-3.3562,4.9996,-1.7779,-1.7587,3.9819,0.693,0.66098,0.8183,0.76383,0.107
-1.0235,-1.9434,0.292,-2.029,4.9998,4.131,0.693,1.0659,0.74489,0.61193,0.107
-1.5032,-3.3591,5,-1.7779,-1.7588,3.9819,0.693,0.66098,0.81829,0.76385,0.107
-4.8533,-4.5501,4.9219,-4.8661,4.9987,3.8635,0.693,1.4811,1.6591,1.0698,0.107
2.4071,3.5859,-1.6804,1.9111,1.2307,-3.545,0.693,1.9016,1.7878,1.3279,0.107
-1.5033,-3.3451,4.998,-1.7781,-1.7582,3.9821,0.693,0.66112,0.81841,0.76359,0.107
1.4923,2.9976,4.7673,1.4009,0.52839,-4.1895,0.693,1.9016,1.7878,1.3279,0.107
-1.5031,-3.3658,4.9721,-1.7778,-1.7592,3.9819,0.693,0.66099,0.81827,0.76385,0.107
-1.0238,-1.9409,0.29201,-2.0294,5,4.1309,0.693,1.066,0.74488,0.61185,0.107
-1.5034,-3.3429,4.6756,-1.7779,-1.7579,3.9821,0.693,0.66118,0.81845,0.76349,0.107
-1.6487,-0.76551,0.078867,-1.5768,4.9718,4.1137,0.693,1.0058,0.68756,0.60341,0.107
4.6377,3.4089,-3.9501,4.1156,1.4238,-0.77215,0.693,1.9016,1.7878,1.3279,0.107
-1.5029,-3.3608,4.9906,-1.7779,-1.7596,3.9819,0.693,0.66082,0.81835,0.76401,0.107
4.012,4.2177,4.7395,-1.2952,-1.8145,-3.2211,0.693,1.9016,1.7878,1.3279,0.107
-1.0238,-1.9407,0.29161,-2.0294,5,4.1309,0.693,1.066,0.7449,0.61184,0.107
-1.5032,-3.3574,4.9576,-1.7779,-1.7588,3.9819,0.693,0.66099,0.81828,0.76385,0.107
-1.5032,-3.3509,4.9996,-1.778,-1.7585,3.982,0.693,0.66106,0.81837,0.7637,0.107
-1.5031,-3.3584,4.9998,-1.7779,-1.7588,3.982,0.693,0.66103,0.8183,0.76378,0.107
-1.5032,-3.3513,4.9967,-1.778,-1.7584,3.982,0.693,0.66107,0.81837,0.76367,0.107
-1.0235,-1.9432,0.29212,-2.0291,4.9925,4.131,0.693,1.0659,0.74488,0.61193,0.107
-1.5033,-3.3498,4.9961,-1.7779,-1.7585,3.982,0.693,0.66105,0.81835,0.76372,0.107
1.7067,3.9096,-0.36308,1.8094,0.076582,-2.6813,0.693,1.9016,1.7878,1.3279,0.107
-1.0237,-1.9415,0.29156,-2.0293,5,4.131,0.693,1.066,0.74491,0.61186,0.107
-1.5031,-3.3652,4.9999,-1.7778,-1.7594,3.9818,0.693,0.66086,0.81811,0.76413,0.107
-1.6488,-0.7659,0.078624,-1.5767,4.9822,4.1137,0.693,1.0058,0.68755,0.60337,0.107
4.072,1.2948,-0.51492,2.9694,3.0267,-0.51751,0.693,1.9016,1.7878,1.3279,0.107
-1.6186,5,0.066064,-1.588,4.9999,4.1359,0.693,0.95987,0.72495,0.61378,0.107
-1.5032,-3.3472,4.9953,-1.778,-1.7583,3.9821,0.693,0.66112,0.8184,0.7636,0.107
-1.5235,-4.9947,-2.0341,-1.831,-1.6734,3.9413,0.693,0.537,0.83286,0.82481,0.107
-1.0236,-1.9423,0.29202,-2.0292,4.9999,4.131,0.693,1.066,0.74489,0.6119,0.107
-1.5031,-3.3582,4.9998,-1.7779,-1.7588,3.982,0.693,0.66102,0.8183,0.76377,0.107
-1.0239,-1.9403,0.29231,-2.0295,5,4.1308,0.693,1.0661,0.74487,0.61184,0.107
2.3947,4.4589,0.23819,1.2097,1.6437,-4.6822,0.693,1.9016,1.7878,1.3279,0.107
-1.5032,-3.3592,5,-1.7779,-1.7588,3.982,0.693,0.66099,0.8183,0.76384,0.107
-1.5033,-3.3497,4.9994,-1.778,-1.7583,3.982,0.693,0.6611,0.81832,0.76369,0.107
-1.5032,-3.3538,4.9998,-1.7779,-1.7588,3.9818,0.693,0.66102,0.81821,0.76388,0.107
-1.5034,-3.3487,4.9995,-1.7779,-1.7583,3.9821,0.693,0.6611,0.81839,0.76363,0.107
-1.5031,-3.3515,4.9999,-1.778,-1.7588,3.9819,0.693,0.66102,0.81829,0.76381,0.107
-1.5032,-3.3453,4.9989,-1.778,-1.7583,3.9821,0.693,0.66109,0.81842,0.76361,0.107
-1.5031,-3.358,4.9998,-1.7779,-1.7588,3.982,0.693,0.66097,0.81832,0.76384,0.107
-1.2629,0.20923,-3.4978,4.9991,-1.7652,4.4486,0.693,0.61516,0.90105,1.3688,0.107
-1.5033,-3.3501,5,-1.778,-1.7582,3.982,0.693,0.66103,0.81832,0.76375,0.107
-1.4843,0.098717,4.9999,0.89341,-1.9242,4.3898,0.693,0.92511,0.83176,1.3244,0.107
-1.5033,-3.3515,4.9713,-1.7779,-1.7585,3.982,0.693,0.66105,0.81835,0.76373,0.107
4.7569,-0.16941,1.7113,0.91237,1.8134,-2.5695,0.693,1.9016,1.7878,1.3279,0.107
-1.6186,5,0.066416,-1.588,5,4.1359,0.693,0.9599,0.72492,0.61378,0.107
-1.5032,-3.3514,4.9999,-1.778,-1.7586,3.982,0.693,0.66103,0.81832,0.76376,0.107
-1.5032,-3.3495,4.9988,-1.778,-1.7584,3.982,0.693,0.66106,0.81838,0.76368,0.107
-1.5032,-3.3538,4.9999,-1.778,-1.7586,3.982,0.693,0.661,0.81835,0.76377,0.107
-1.0238,-1.9407,0.29132,-2.0294,5,4.131,0.693,1.066,0.7449,0.61184,0.107
-1.5033,-3.3406,4.9832,-1.7781,-1.7579,3.9822,0.693,0.66128,0.81847,0.76336,0.107
-1.5033,-3.3565,5,-1.7777,-1.7588,3.9819,0.693,0.66101,0.81836,0.76377,0.107
-1.5033,-3.3507,4.9801,-1.7779,-1.7584,3.982,0.693,0.66106,0.81837,0.76368,0.107
-1.5032,-3.3547,4.9973,-1.7779,-1.7589,3.9818,0.693,0.66099,0.81821,0.76391,0.107
-1.5032,-3.3491,4.9998,-1.778,-1.7583,3.9821,0.693,0.66109,0.81839,0.76364,0.107
2.2151,-0.070161,2.9459,-0.2159,4.6715,-4.7659,0.693,1.9016,1.7878,1.3279,0.107
4.2465,3.4144,0.06984,2.4566,0.12586,-0.22159,0.693,1.9016,1.7878,1.3279,0.107
-1.5031,-3.3584,4.9277,-1.7779,-1.7595,3.9817,0.693,0.66085,0.8181,0.76413,0.107
-1.5031,-3.3624,5,-1.7779,-1.759,3.9819,0.693,0.66096,0.81823,0.76393,0.107
3.2203,0.14303,1.3875,0.4737,4.9323,-2.0885,0.693,1.9016,1.7878,1.3279,0.107
-1.5033,-3.3469,4.9143,-1.778,-1.7582,3.9821,0.693,0.66112,0.8184,0.76361,0.107
-1.5032,-3.3559,4.9814,-1.7779,-1.7593,3.9817,0.693,0.66094,0.8181,0.76406,0.107
3.547,2.2139,-1.2551,3.1778,4.0588,-1.9212,0.693,1.9016,1.7878,1.3279,0.107
-1.0238,-1.9406,0.29247,-2.0294,5,4.1308,0.693,1.066,0.74487,0.61185,0.107
-1.5032,-3.351,4.9966,-1.778,-1.7585,3.982,0.693,0.66105,0.81836,0.76371,0.107
-1.5033,-3.35,4.9999,-1.7779,-1.7583,3.982,0.693,0.6611,0.81839,0.76363,0.107
-1.5032,-3.3597,4.9693,-1.7778,-1.759,3.9819,0.693,0.66096,0.81824,0.76391,0.107
-1.5032,-3.3528,4.9997,-1.778,-1.7586,3.982,0.693,0.66105,0.81835,0.76372,0.107
-1.5033,-3.3445,4.9884,-1.778,-1.7581,3.9821,0.693,0.66113,0.81843,0.76356,0.107
-1.0243,-1.9371,0.29168,-2.0299,4.9551,4.1307,0.693,1.0662,0.74488,0.61173,0.107
-1.6186,5,0.066119,-1.588,4.9999,4.1359,0.693,0.95987,0.72495,0.61378,0.107
-1.5032,-3.3512,5,-1.7779,-1.7585,3.982,0.693,0.66104,0.81834,0.76374,0.107
-1.5031,-3.3649,4.9316,-1.7779,-1.7591,3.9818,0.693,0.66097,0.81821,0.76395,0.107
-1.0237,-1.9414,0.29307,-2.0293,5,4.1308,0.693,1.066,0.74485,0.61188,0.107
-1.5034,-3.3468,4.9955,-1.7779,-1.7582,3.9821,0.693,0.66112,0.8184,0.7636,0.107
-1.5033,-3.3473,4.9987,-1.778,-1.7582,3.9821,0.693,0.6611,0.81841,0.76361,0.107
-1.5035,-3.341,4.9936,-1.7778,-1.7579,3.9822,0.693,0.66126,0.81849,0.76337,0.107
-1.5031,-3.3585,4.9991,-1.7779,-1.7591,3.9819,0.693,0.66095,0.81824,0.76393,0.107
-1.5031,-3.3618,4.992,-1.7779,-1.759,3.9819,0.693,0.66095,0.81824,0.76393,0.107
-1.0237,-1.941,0.292,-2.0294,4.9932,4.1309,0.693,1.066,0.74488,0.61186,0.107
-1.4844,0.099439,4.9849,0.89322,-1.9243,4.3895,0.693,0.92529,0.83158,1.3244,0.107
-1.5034,-3.3503,4.9989,-1.778,-1.7577,3.9821,0.693,0.6612,0.81844,0.76348,0.107
-1.5032,-3.3637,4.9721,-1.7778,-1.7589,3.9818,0.693,0.66082,0.81821,0.76403,0.107
-1.6487,-0.76622,0.078228,-1.5768,4.994,4.1137,0.693,1.0057,0.68759,0.60342,0.107
-1.5032,-3.3579,4.9917,-1.7779,-1.759,3.9818,0.693,0.66104,0.81814,0.76397,0.107
-1.5033,-3.355,4.9962,-1.7778,-1.7585,3.982,0.693,0.66108,0.81836,0.76356,0.107
-1.5032,-3.3569,5,-1.7779,-1.7587,3.982,0.693,0.66101,0.81832,0.76379,0.107
-1.5036,-3.3361,4.9993,-1.7779,-1.7576,3.9822,0.693,0.66126,0.81845,0.76339,0.107
4.5062,-4.1601,3.1795,-1.5341,4.3126,-3.4029,0.693,1.9016,1.7878,1.3279,0.107
-1.5032,-3.3578,5,-1.7779,-1.7588,3.9819,0.693,0.66101,0.81829,0.76383,0.107
-1.5033,-3.3542,5,-1.7779,-1.7584,3.982,0.693,0.66106,0.81834,0.76371,0.107
-1.4844,0.099667,4.9519,0.89293,-1.9243,4.3895,0.693,0.92533,0.83154,1.3244,0.107
-1.6186,5,0.065952,-1.588,5,4.1359,0.693,0.95993,0.72494,0.61374,0.107
-1.5037,-3.3439,5,-1.7775,-1.7586,3.9818,0.693,0.661,0.81819,0.76391,0.107
3.7411,-1.2735,4.3755,0.29628,3.5221,-2.388,0.693,1.9016,1.7878,1.3279,0.107
-1.5031,-3.3579,5,-1.778,-1.7588,3.982,0.693,0.66093,0.81828,0.76381,0.107
-1.5033,-3.352,4.9978,-1.7779,-1.7586,3.982,0.693,0.66103,0.81831,0.76375,0.107
-1.5034,-3.3477,4.9773,-1.778,-1.7579,3.9821,0.693,0.66116,0.81844,0.76352,0.107
-1.5033,-3.3503,5,-1.778,-1.7584,3.982,0.693,0.66106,0.81836,0.7637,0.107
-1.5032,-3.3544,4.9979,-1.7779,-1.7586,3.982,0.693,0.66102,0.81835,0.76375,0.107
-1.5032,-3.3573,4.9997,-1.7779,-1.7588,3.9819,0.693,0.66095,0.8183,0.76386,0.107
3.6504,3.4704,-0.86438,4.8422,-2.6479,-2.8096,0.693,1.9016,1.7878,1.3279,0.107
-1.5032,-3.3456,4.9974,-1.778,-1.7584,3.9821,0.693,0.66108,0.81839,0.76365,0.107
-1.0236,-1.9426,0.29231,-2.0292,4.9995,4.1309,0.693,1.066,0.74487,0.61191,0.107
-1.5032,-3.3505,4.9994,-1.778,-1.7585,3.982,0.693,0.66104,0.81836,0.76373,0.107
4.424,1.8351,-0.72076,-0.56951,3.456,-4.0405,0.693,1.9016,1.7878,1.3279,0.107
-1.5031,-3.3596,5,-1.7779,-1.7588,3.9819,0.693,0.66101,0.81828,0.76385,0.107
-1.5031,-3.361,5,-1.7779,-1.759,3.9818,0.693,0.66097,0.81815,0.76399,0.107
-1.5032,-3.35,4.9983,-1.778,-1.7585,3.982,0.693,0.66105,0.81836,0.76371,0.107
-1.5031,-3.3692,4.9485,-1.7777,-1.7595,3.9818,0.693,0.66088,0.81817,0.76406,0.107
-1.5032,-3.3554,4.9998,-1.7779,-1.7586,3.982,0.693,0.66103,0.81833,0.76373,0.107
-1.5033,-3.3464,4.9989,-1.778,-1.7582,3.9821,0.693,0.66112,0.81842,0.76358,0.107
-1.5032,-3.3553,5,-1.7779,-1.7587,3.982,0.693,0.66101,0.81831,0.76381,0.107
-1.5031,-3.3584,4.9777,-1.7779,-1.759,3.9818,0.693,0.66098,0.81821,0.76393,0.107
-1.5032,-3.3511,4.9968,-1.778,-1.7587,3.9819,0.693,0.66103,0.81827,0.76382,0.107
-1.5234,-4.9987,-2.0344,-1.8308,-1.6738,3.9412,0.693,0.53681,0.83281,0.82507,0.107
-1.503,-3.3651,4.9919,-1.7779,-1.7591,3.9819,0.693,0.66094,0.81822,0.76397,0.107
-1.5033,-3.3527,4.9912,-1.7779,-1.7587,3.9819,0.693,0.66101,0.81824,0.76386,0.107
-1.5032,-3.355,4.9878,-1.7779,-1.7586,3.982,0.693,0.66102,0.81831,0.76378,0.107
-1.5032,-3.3545,5,-1.7779,-1.7588,3.9819,0.693,0.66099,0.81824,0.76388,0.107
-1.6187,5,0.066703,-1.5879,4.9998,4.1358,0.693,0.95993,0.7249,0.61377,0.107
-1.5032,-3.3468,4.9999,-1.778,-1.7584,3.982,0.693,0.66108,0.81834,0.7637,0.107
-1.5031,-3.3547,4.9997,-1.7779,-1.759,3.982,0.693,0.66089,0.81834,0.76387,0.107
-1.5691,-4.9936,-2.2091,-1.7859,4.9998,4.1978,0.693,0.61485,0.84777,0.52747,0.107
-1.5638,-3.2215,5,5,-1.8989,4.355,0.693,0.93844,0.83832,1.1067,0.107
-1.5031,-3.3589,5,-1.7779,-1.7588,3.9819,0.693,0.66095,0.81826,0.76392,0.107
-1.5032,-3.3507,5,-1.7779,-1.7587,3.982,0.693,0.66105,0.81834,0.76379,0.107
-1.5033,-3.3523,4.9876,-1.7778,-1.7586,3.982,0.693,0.66102,0.81832,0.76378,0.107
-1.4635,-2.6631,-2.7667,5,-1.9013,4.3808,0.693,0.5618,0.89437,1.2452,0.107
-1.5031,-3.3623,4.9896,-1.7779,-1.7591,3.9818,0.693,0.66095,0.81819,0.76397,0.107
-1.5237,-4.9912,-2.0353,-1.8306,-1.6733,3.9413,0.693,0.53678,0.8329,0.825,0.107
-1.6487,-0.76595,0.078585,-1.5768,4.9949,4.1137,0.693,1.0058,0.68756,0.60339,0.107
-1.5032,-3.3504,4.9956,-1.778,-1.7586,3.982,0.693,0.66104,0.81837,0.76371,0.107
-1.5032,-3.352,4.9992,-1.778,-1.7585,3.982,0.693,0.66106,0.81836,0.7637,0.107
-1.5033,-3.347,4.9997,-1.7779,-1.7582,3.9821,0.693,0.66111,0.8184,0.76361,0.107
-1.5034,-3.356,5,-1.7776,-1.7587,3.982,0.693,0.66098,0.81832,0.76383,0.107
-1.5032,-3.3572,4.9987,-1.7779,-1.7589,3.9819,0.693,0.66097,0.81821,0.76393,0.107
-1.5033,-3.3468,4.9999,-1.7781,-1.7582,3.9821,0.693,0.66113,0.81842,0.76358,0.107
-1.6186,5,0.06645,-1.588,5,4.1359,0.693,0.95993,0.72491,0.61376,0.107
-1.5031,-3.357,4.9949,-1.778,-1.7588,3.9819,0.693,0.66107,0.81827,0.76389,0.107
-1.5032,-3.3509,4.9991,-1.778,-1.7585,3.982,0.693,0.66105,0.81835,0.76372,0.107
-1.5031,-3.3507,4.9809,-1.7781,-1.7584,3.982,0.693,0.66108,0.81836,0.76368,0.107
-1.5033,-3.3474,4.8219,-1.7779,-1.7584,3.982,0.693,0.66107,0.81834,0.76369,0.107
-1.5032,-3.3554,5,-1.7779,-1.7586,3.982,0.693,0.66102,0.81832,0.76377,0.107
-1.464,-2.6619,-2.7663,4.9998,-1.9013,4.3808,0.693,0.56184,0.89427,1.2452,0.107
-1.5033,-3.3458,4.9928,-1.778,-1.7582,3.9821,0.693,0.66112,0.81842,0.76357,0.107
-1.5031,-3.3557,5,-1.778,-1.7588,3.9819,0.693,0.661,0.81829,0.76384,0.107
-1.5032,-3.3524,4.9999,-1.778,-1.7586,3.982,0.693,0.66103,0.81832,0.76377,0.107
-1.5033,-3.3446,5,-1.7781,-1.7577,3.9821,0.693,0.66113,0.8184,0.76356,0.107
-1.5032,-3.3524,4.9997,-1.778,-1.7585,3.982,0.693,0.66103,0.81835,0.76374,0.107
-1.5034,-3.3439,4.9998,-1.778,-1.7581,3.9821,0.693,0.66116,0.81842,0.76354,0.107
-1.5032,-3.3487,4.9891,-1.778,-1.7585,3.982,0.693,0.66102,0.81839,0.76371,0.107
-1.5032,-3.3457,4.9972,-1.7781,-1.7584,3.982,0.693,0.66108,0.81835,0.76369,0.107
-1.5032,-3.3606,4.9859,-1.7779,-1.7589,3.9819,0.693,0.66096,0.81826,0.7639,0.107
4.6291,2.4284,3.8733,4.1247,2.8895,3.3541,0.693,1.9016,1.7878,1.3279,0.107
4.3447,4.821,-4.1235,3.8348,3.2849,1.5403,0.693,1.9016,1.7878,1.3279,0.107
-1.5036,-3.3303,4.9997,-1.7781,-1.7573,3.9821,0.693,0.6613,0.81855,0.76326,0.107
-1.5032,-3.3531,5,-1.778,-1.7585,3.982,0.693,0.66104,0.81835,0.76373,0.107
-1.5032,-3.3588,5,-1.7779,-1.7589,3.9819,0.693,0.66083,0.81823,0.764,0.107
-1.5031,-3.3663,4.9995,-1.7779,-1.7591,3.9819,0.693,0.66095,0.81822,0.76394,0.107
-1.5031,-3.3621,4.9999,-1.7779,-1.759,3.9818,0.693,0.66096,0.81823,0.76393,0.107
-1.5033,-3.3507,5,-1.7779,-1.7585,3.982,0.693,0.66104,0.81837,0.76371,0.107
-1.5033,-3.3483,4.9997,-1.7779,-1.7583,3.9821,0.693,0.66109,0.81839,0.76364,0.107
-1.5033,-3.3487,4.9997,-1.778,-1.7583,3.9821,0.693,0.66108,0.81839,0.76364,0.107
-1.5032,-3.3492,4.9988,-1.778,-1.7587,3.9819,0.693,0.66106,0.81828,0.76378,0.107
-1.5033,-3.352,4.9999,-1.7779,-1.7585,3.982,0.693,0.66106,0.81836,0.7637,0.107
-1.5032,-3.354,4.9995,-1.778,-1.7587,3.982,0.693,0.66102,0.8183,0.7638,0.107
2.5556,4.1932,-2.5309,3.4284,0.64275,-2.3722,0.693,1.9016,1.7878,1.3279,0.107
-1.5033,-3.3438,4.9994,-1.7781,-1.7581,3.9821,0.693,0.66113,0.81845,0.76354,0.107
-1.5034,-3.3431,4.9084,-1.778,-1.758,3.9821,0.693,0.66116,0.81844,0.76352,0.107
-1.5032,-3.3597,4.9992,-1.7779,-1.7589,3.9819,0.693,0.66097,0.81826,0.76388,0.107
2.4357,2.3264,1.6919,3.7857,2.4332,4.61,0.693,1.9016,1.7878,1.3279,0.107
-1.6187,5,0.067008,-1.5879,4.9998,4.1358,0.693,0.96007,0.72482,0.61372,0.107
-1.5034,-3.344,4.9973,-1.7779,-1.758,3.9821,0.693,0.66113,0.81844,0.76353,0.107
-1.6186,5,0.066295,-1.588,5,4.1359,0.693,0.95993,0.7249,0.61376,0.107
4.4817,2.9816,-4.1067,4.9812,-3.4397,-4.4135,0.693,1.9016,1.7878,1.3279,0.107
-1.5033,-3.3543,4.9986,-1.7779,-1.7585,3.982,0.693,0.66097,0.81832,0.76383,0.107
2.9945,-3.1013,1.2024,4.6839,0.59649,-4.1021,0.693,1.9016,1.7878,1.3279,0.107
4.1956,4.4508,3.9432,0.13178,-4.4599,-4.8665,0.693,1.9016,1.7878,1.3279,0.107
-1.5033,-3.3423,4.9906,-1.7781,-1.7582,3.9821,0.693,0.66112,0.81842,0.76357,0.107
1.9253,2.4783,1.4743,2.932,4.5574,4.911,0.693,1.9016,1.7878,1.3279,0.107
-1.5031,-3.3579,4.9999,-1.7779,-1.7588,3.982,0.693,0.66099,0.81831,0.76381,0.107
-1.5032,-3.3505,4.9989,-1.778,-1.7587,3.982,0.693,0.66102,0.81834,0.76376,0.107
-1.0244,-1.9367,0.29476,-2.03,4.9994,4.1303,0.693,1.0662,0.74478,0.61176,0.107
-1.5032,-3.3493,4.9982,-1.778,-1.7587,3.9819,0.693,0.66105,0.81829,0.76378,0.107
-1.0238,-1.9419,0.29179,-2.0292,4.8028,4.1309,0.693,1.066,0.74489,0.61186,0.107
-1.5033,-3.3439,4.9658,-1.778,-1.7581,3.9821,0.693,0.66113,0.81842,0.76358,0.107
-1.5032,-3.3633,4.9967,-1.7777,-1.7592,3.9819,0.693,0.66094,0.8182,0.76396,0.107
-1.5032,-3.35,4.9998,-1.778,-1.7585,3.982,0.693,0.66104,0.81837,0.7637,0.107
-1.0238,-1.9405,0.29138,-2.0294,5,4.131,0.693,1.066,0.7449,0.61184,0.107
-1.5033,-3.3498,4.998,-1.7778,-1.7585,3.982,0.693,0.66106,0.81836,0.76371,0.107
-1.5034,-3.3509,5,-1.7777,-1.7586,3.982,0.693,0.66101,0.81833,0.76378,0.107
-1.5693,-4.9647,-2.2097,-1.7858,4.9996,4.1977,0.693,0.61475,0.84784,0.52756,0.107
-1.5032,-3.3534,5,-1.778,-1.7586,3.9819,0.693,0.66112,0.81835,0.76375,0.107
-1.5031,-3.3654,5,-1.7779,-1.7592,3.9818,0.693,0.66092,0.81818,0.76402,0.107
4.422,1.1978,2.0238,4.9788,4.7446,0.13976,0.693,1.9016,1.7878,1.3279,0.107
-1.5033,-3.3445,4.9962,-1.7781,-1.7583,3.982,0.693,0.66113,0.81834,0.76364,0.107
-1.5032,-3.3556,5,-1.778,-1.7587,3.9819,0.693,0.661,0.81828,0.76383,0.107
3.907,4.1387,1.649,4.2018,3.0844,2.6767,0.693,1.9016,1.7878,1.3279,0.107
-1.503,-3.3658,4.9836,-1.7778,-1.7592,3.982,0.693,0.66101,0.81825,0.76385,0.107
-1.5034,-3.3425,4.9996,-1.778,-1.758,3.9821,0.693,0.66118,0.81845,0.7635,0.107
-1.5032,-3.3508,4.9961,-1.778,-1.7584,3.9821,0.693,0.66107,0.81838,0.76368,0.107
-1.5033,-3.3466,4.9999,-1.7781,-1.7582,3.982,0.693,0.66111,0.81831,0.76365,0.107
-1.5032,-3.351,4.9986,-1.778,-1.7585,3.982,0.693,0.66104,0.8183,0.76376,0.107
-1.5033,-3.3431,4.9982,-1.7781,-1.758,3.9821,0.693,0.66114,0.81845,0.76353,0.107
-1.5031,-3.3577,5,-1.7779,-1.7588,3.982,0.693,0.66096,0.81832,0.76384,0.107
4.5126,-3.8335,3.7522,-2.8595,4.7367,-4.5809,0.693,1.9016,1.7877,1.3278,0.107
-1.5035,-3.3473,4.9478,-1.778,-1.7576,3.9822,0.693,0.66124,0.81845,0.76342,0.107
-1.5032,-3.3458,4.9964,-1.7781,-1.7584,3.982,0.693,0.66108,0.81836,0.76367,0.107
-1.6186,5,0.066366,-1.588,5,4.1359,0.693,0.95993,0.72491,0.61377,0.107
-1.4382,4.9101,4.9779,-1.8174,-1.8596,4.0059,0.693,0.70123,0.89231,0.95537,0.107
-1.5031,-3.3586,5,-1.7779,-1.7589,3.9819,0.693,0.66097,0.81827,0.76388,0.107
-1.5033,-3.3463,4.9933,-1.778,-1.7583,3.9821,0.693,0.66111,0.81839,0.76361,0.107
-1.5031,-3.3608,4.939,-1.7779,-1.7592,3.9818,0.693,0.66094,0.81817,0.764,0.107
-1.5031,-3.3597,4.9925,-1.7779,-1.7591,3.9819,0.693,0.66095,0.81821,0.76394,0.107
-1.5033,-3.3455,4.9969,-1.7781,-1.7582,3.9821,0.693,0.66117,0.81842,0.76351,0.107
-1.5032,-3.3507,4.9999,-1.778,-1.7584,3.982,0.693,0.66108,0.81836,0.76367,0.107
-1.5032,-3.3516,4.9908,-1.778,-1.7587,3.9819,0.693,0.66104,0.81824,0.76383,0.107
-1.5033,-3.3457,4.9977,-1.778,-1.7582,3.9821,0.693,0.66111,0.81842,0.76359,0.107
-1.5033,-3.3484,4.9993,-1.778,-1.7583,3.9821,0.693,0.6611,0.81839,0.76363,0.107
-1.5693,-4.9242,-2.2091,-1.7857,4.9905,4.1978,0.693,0.61483,0.84785,0.52756,0.107
-1.5032,-3.3533,4.9999,-1.778,-1.7585,3.982,0.693,0.66103,0.81835,0.76374,0.107
-1.5032,-3.3544,4.9869,-1.778,-1.7586,3.982,0.693,0.66103,0.81835,0.76374,0.107
-1.5026,-3.3747,4.8919,-1.7781,-1.7601,3.9819,0.693,0.66095,0.81809,0.76409,0.107
-1.5031,-3.3576,4.9685,-1.7779,-1.7592,3.9818,0.693,0.66095,0.81815,0.76401,0.107
-1.6488,-0.76648,0.078289,-1.5768,4.9667,4.1137,0.693,1.0058,0.68755,0.60338,0.107
-1.4382,4.996,5,-1.8173,-1.8595,4.006,0.693,0.70118,0.89236,0.95537,0.107
-1.5032,-3.3519,5,-1.7779,-1.7584,3.982,0.693,0.66107,0.81836,0.76369,0.107
-1.5033,-3.3459,4.9911,-1.778,-1.7582,3.9821,0.693,0.66113,0.8184,0.76358,0.107
-1.5034,-3.3456,4.9966,-1.7779,-1.7582,3.9821,0.693,0.66115,0.81841,0.76356,0.107
-1.5035,-3.3526,5,-1.7776,-1.7585,3.9819,0.693,0.661,0.8183,0.76382,0.107
-1.5032,-3.3568,4.9936,-1.7779,-1.7589,3.9819,0.693,0.66099,0.81824,0.76388,0.107
-1.5032,-3.3462,4.9963,-1.7781,-1.7583,3.9821,0.693,0.6611,0.81842,0.76361,0.107
-1.5032,-3.3545,4.9996,-1.7779,-1.7588,3.982,0.693,0.66094,0.81832,0.76386,0.107
-1.5031,-3.3515,4.9993,-1.778,-1.7589,3.9818,0.693,0.66102,0.81821,0.76389,0.107
-1.5033,-3.348,4.9969,-1.778,-1.7583,3.9821,0.693,0.66112,0.81841,0.76358,0.107
-1.5032,-3.3557,5,-1.778,-1.759,3.9817,0.693,0.66099,0.81812,0.76399,0.107
-1.5033,-3.3455,4.9824,-1.778,-1.7583,3.9821,0.693,0.66108,0.8184,0.76365,0.107
-1.5033,-3.3504,4.998,-1.7779,-1.7584,3.982,0.693,0.66107,0.81836,0.7637,0.107
-1.5031,-3.3609,4.9986,-1.7779,-1.7589,3.9819,0.693,0.66097,0.81826,0.76389,0.107
-0.52893,-2.8508,5,0.35156,-0.22922,5,0.693,1.8605,1.7695,0.40958,0.107
-1.4382,4.9635,4.9994,-1.8174,-1.8596,4.0059,0.693,0.70123,0.89232,0.95536,0.107
-1.5032,-3.3539,4.9995,-1.778,-1.7587,3.982,0.693,0.66102,0.81829,0.7638,0.107
-1.6487,-0.76564,0.079018,-1.5768,4.9992,4.1136,0.693,1.0059,0.68748,0.60337,0.107
-1.5034,-3.3469,4.9988,-1.7779,-1.7582,3.9821,0.693,0.66113,0.8184,0.76357,0.107
-1.5034,-3.3467,4.9948,-1.778,-1.7582,3.9821,0.693,0.66111,0.81839,0.76362,0.107
-1.5031,-3.3615,4.9981,-1.7779,-1.7595,3.9817,0.693,0.66087,0.8181,0.76412,0.107
-1.5033,-3.3517,4.9997,-1.778,-1.7585,3.9819,0.693,0.66105,0.81828,0.76377,0.107
-1.5033,-3.3499,4.9998,-1.7779,-1.7583,3.9821,0.693,0.6611,0.81837,0.76365,0.107
-1.0235,-1.9429,0.29187,-2.0291,4.9997,4.1311,0.693,1.0659,0.74491,0.61191,0.107
-1.5032,-3.3544,4.9998,-1.778,-1.7587,3.9819,0.693,0.66103,0.81824,0.7638,0.107
-1.5032,-3.3543,4.9997,-1.778,-1.7587,3.982,0.693,0.66102,0.81832,0.76378,0.107
-1.5032,-3.3517,5,-1.778,-1.7584,3.9821,0.693,0.66106,0.81838,0.76368,0.107
-1.5033,-3.3477,5,-1.778,-1.7583,3.982,0.693,0.66105,0.81835,0.7637,0.107
-1.0238,-1.9407,0.29241,-2.0294,5,4.1308,0.693,1.066,0.74487,0.61185,0.107
-1.5033,-3.3451,4.9978,-1.7781,-1.7582,3.9821,0.693,0.66114,0.81842,0.76356,0.107
-1.5639,-3.2204,5,5,-1.8988,4.3551,0.693,0.93842,0.8384,1.1066,0.107
-1.5032,-3.3489,4.9993,-1.778,-1.7583,3.9821,0.693,0.66109,0.81839,0.76364,0.107
-1.4844,0.1,4.9959,0.89218,-1.9243,4.3895,0.693,0.92533,0.83153,1.3244,0.107
-1.5032,-3.3513,5,-1.778,-1.7586,3.982,0.693,0.66103,0.81834,0.76375,0.107
-1.4383,3.8741,4.9738,-1.8172,-1.8595,4.006,0.693,0.70082,0.89243,0.95541,0.107
-1.5031,-3.3579,4.9935,-1.778,-1.7589,3.9818,0.693,0.66101,0.8182,0.76391,0.107
-1.5032,-3.3538,4.9999,-1.7779,-1.7586,3.982,0.693,0.66103,0.81835,0.76375,0.107
4.5725,3.3825,4.2756,1.0459,1.7294,0.16755,0.693,1.9016,1.7878,1.3279,0.107
-1.5033,-3.3504,4.9982,-1.7779,-1.7584,3.9821,0.693,0.66107,0.81837,0.76368,0.107
-1.5032,-3.351,4.9997,-1.778,-1.7587,3.9819,0.693,0.66104,0.81823,0.76383,0.107
-1.5032,-3.3573,4.9997,-1.7779,-1.7589,3.9819,0.693,0.66101,0.81833,0.76379,0.107
-1.5232,-4.9982,-2.0329,-1.831,-1.6744,3.9412,0.693,0.53695,0.83272,0.825,0.107
-1.5035,-3.3482,5,-1.7777,-1.7582,3.982,0.693,0.66116,0.81837,0.76358,0.107
-1.5031,-3.3632,4.9964,-1.7779,-1.759,3.9818,0.693,0.66091,0.81822,0.76396,0.107
-1.5032,-3.3591,4.9981,-1.7779,-1.7584,3.982,0.693,0.66107,0.81833,0.76372,0.107
-1.503,-3.3603,4.9744,-1.7779,-1.7594,3.9817,0.693,0.66092,0.81806,0.76411,0.107
-1.5033,-3.3536,5,-1.7779,-1.7585,3.982,0.693,0.66103,0.81835,0.76375,0.107
-1.5032,-3.3571,5,-1.7779,-1.7587,3.9819,0.693,0.66096,0.8183,0.76379,0.107
-1.5033,-3.3512,4.9999,-1.7779,-1.7584,3.982,0.693,0.66106,0.81837,0.76369,0.107
-1.5031,-3.361,4.9951,-1.7779,-1.7589,3.9819,0.693,0.66096,0.81827,0.76389,0.107
-1.5032,-3.3508,4.997,-1.778,-1.7585,3.982,0.693,0.66104,0.81836,0.76373,0.107
-1.5031,-3.365,4.9996,-1.7778,-1.7594,3.9818,0.693,0.66089,0.81814,0.76408,0.107
-1.0238,-1.9403,0.29127,-2.0295,5,4.131,0.693,1.066,0.74491,0.61183,0.107
-1.5032,-3.354,4.9986,-1.778,-1.7587,3.982,0.693,0.661,0.81832,0.76379,0.107
-1.5033,-3.3503,4.9971,-1.7779,-1.7584,3.982,0.693,0.66106,0.81837,0.76369,0.107
-1.5032,-3.356,4.9994,-1.7779,-1.7586,3.9819,0.693,0.66093,0.8183,0.76389,0.107
-1.5032,-3.362,5,-1.7779,-1.759,3.9818,0.693,0.66106,0.81818,0.76391,0.107
-1.5032,-3.3541,4.9998,-1.7779,-1.7586,3.982,0.693,0.66102,0.81834,0.76376,0.107
-1.5032,-3.3472,4.9999,-1.778,-1.7584,3.9821,0.693,0.66107,0.81839,0.76366,0.107
-1.5031,-3.357,4.9976,-1.7779,-1.7588,3.982,0.693,0.66092,0.81835,0.76384,0.107
2.3067,-3.7258,1.2912,3.524,-0.89613,-4.7782,0.693,1.9016,1.7878,1.3279,0.107
-1.5032,-3.349,4.9993,-1.778,-1.7584,3.982,0.693,0.66106,0.81838,0.76368,0.107
-1.5032,-3.3512,4.9999,-1.778,-1.7585,3.982,0.693,0.66106,0.81835,0.76371,0.107
-1.5691,-5,-2.2082,-1.786,4.2292,4.1978,0.693,0.61501,0.84771,0.52736,0.107
-1.5033,-3.3461,4.9832,-1.7781,-1.7582,3.9821,0.693,0.66113,0.81841,0.76357,0.107
-1.6486,-0.7659,0.078251,-1.5769,4.9944,4.1137,0.693,1.0057,0.68762,0.60344,0.107
3.2014,4.5173,4.29,-0.30309,-3.9005,-3.9836,0.693,1.9016,1.7878,1.3279,0.107
-1.4383,5,5,-1.8172,-1.8596,4.0059,0.693,0.70124,0.89221,0.95561,0.107
-1.5032,-3.3587,4.9999,-1.7779,-1.7585,3.982,0.693,0.66101,0.81831,0.76375,0.107
4.179,2.7787,-1.093,4.3155,-0.53512,1.1229,0.693,1.9016,1.7878,1.3279,0.107
-1.6186,5,0.066249,-1.588,5,4.1359,0.693,0.95991,0.72492,0.61376,0.107
-1.0237,-1.9416,0.2931,-2.0293,5,4.1308,0.693,1.066,0.74485,0.61189,0.107
-1.5032,-3.3539,4.9986,-1.778,-1.7587,3.982,0.693,0.66102,0.81831,0.76379,0.107
-1.6487,-0.7666,0.078147,-1.5768,4.9535,4.1138,0.693,1.0058,0.68757,0.60338,0.107
2.215,2.9962,-0.021778,3.7891,4.6764,-1.2663,0.693,1.9016,1.7878,1.3279,0.107
3.3161,0.24364,-1.0356,-0.83986,4.644,-3.0136,0.693,1.9016,1.7878,1.3279,0.107
-1.5033,-3.3515,4.9932,-1.7779,-1.7587,3.9819,0.693,0.66102,0.81828,0.76381,0.107
-1.5032,-3.3544,5,-1.778,-1.7586,3.982,0.693,0.66104,0.81834,0.76373,0.107
-1.5032,-3.3544,4.9954,-1.7779,-1.7587,3.982,0.693,0.66101,0.81833,0.76378,0.107
-1.5032,-3.3545,5,-1.7779,-1.7589,3.9819,0.693,0.66101,0.81828,0.76385,0.107
-1.5034,-3.3471,4.9991,-1.7779,-1.7583,3.9821,0.693,0.66116,0.81841,0.76353,0.107
-1.5033,-3.3624,4.9977,-1.7778,-1.7585,3.982,0.693,0.66095,0.81827,0.76373,0.107
-1.5031,-3.3601,5,-1.7779,-1.7588,3.9819,0.693,0.66097,0.81827,0.76387,0.107
-1.5035,-3.3454,5,-1.7778,-1.7582,3.9821,0.693,0.66108,0.81841,0.76362,0.107
-1.4382,4.9046,4.9998,-1.8174,-1.8596,4.0059,0.693,0.70127,0.89227,0.95537,0.107
-1.5032,-3.3542,4.9993,-1.7778,-1.7588,3.9819,0.693,0.66099,0.81826,0.76386,0.107
-1.0237,-1.9411,0.29109,-2.0294,5,4.131,0.693,1.066,0.74491,0.61185,0.107
-1.5033,-3.3482,5,-1.778,-1.7582,3.982,0.693,0.66102,0.81835,0.76374,0.107
-0.52893,-2.8508,5,0.35157,-0.22922,5,0.693,1.8605,1.7695,0.40959,0.107
-1.0244,-1.936,0.29148,-2.0301,4.9998,4.1307,0.693,1.0662,0.74488,0.6117,0.107
-1.5031,-3.3557,4.9998,-1.778,-1.7586,3.9819,0.693,0.66103,0.81828,0.76379,0.107
1.2088,4.6101,2.4918,-3.3393,4.8796,-2.8722,0.693,1.9016,1.7878,1.3279,0.107
-1.0237,-1.9415,0.29087,-2.0293,4.9993,4.1311,0.693,1.066,0.74492,0.61188,0.107
-1.5033,-3.3483,4.9996,-1.778,-1.7583,3.982,0.693,0.66109,0.8184,0.76363,0.107
-1.5033,-3.3475,4.9992,-1.778,-1.7582,3.9821,0.693,0.66112,0.81841,0.7636,0.107
-1.5033,-3.3473,5,-1.778,-1.7584,3.9821,0.693,0.66107,0.81838,0.76367,0.107
-1.4382,4.9822,4.9987,-1.8174,-1.8596,4.0059,0.693,0.70127,0.8923,0.95534,0.107
