-1.6186,4.3262,0.066112,-1.588,4.6159,4.1359,0.693,0.95987,0.72495,0.61378,0.107
-1.6186,3.1229,0.066134,-1.588,3.6468,4.1359,0.693,0.96015,0.72483,0.61363,0.107
-1.6186,4.7096,0.066103,-1.588,4.7999,4.1359,0.693,0.95986,0.72495,0.61378,0.107
-1.6186,3.3732,0.066148,-1.588,3.9178,4.1359,0.693,0.95987,0.72495,0.61379,0.107
-1.569,-4.9937,-2.2098,-1.7859,3.7564,4.1977,0.693,0.61477,0.84792,0.52739,0.107
-1.6186,3.2961,0.066107,-1.588,3.9887,4.1359,0.693,0.95986,0.72496,0.61379,0.107
-1.4847,0.10129,2.4472,0.88127,-1.9238,4.3898,0.693,0.92493,0.83188,1.3229,0.107
-1.6186,3.2726,0.066119,-1.588,3.9843,4.1359,0.693,0.95986,0.72496,0.61379,0.107
-1.6186,3.2077,0.06617,-1.588,3.7222,4.1359,0.693,0.95986,0.72496,0.61379,0.107
-1.5638,-3.2212,3.3684,3.8524,-1.8989,4.355,0.693,0.93844,0.83831,1.1067,0.107
-1.5032,-3.3577,3.7848,-1.7779,-1.7587,3.982,0.693,0.66099,0.81832,0.76381,0.107
-1.6186,3.1748,0.066267,-1.588,3.719,4.1359,0.693,0.95989,0.72494,0.61378,0.107
-1.6187,3.2261,0.067816,-1.5878,2.5971,4.1359,0.693,0.95986,0.72499,0.61377,0.107
-1.6186,3.6461,0.066144,-1.588,4.2101,4.1359,0.693,0.95987,0.72495,0.61379,0.107
-1.6486,-0.76585,0.07828,-1.5769,3.9819,4.1138,0.693,1.0056,0.68763,0.60346,0.107
-1.6486,-0.76596,0.078206,-1.5769,3.7834,4.1138,0.693,1.0056,0.68764,0.60346,0.107
-1.6186,3.8967,0.066127,-1.588,4.1271,4.1359,0.693,0.95987,0.72495,0.61378,0.107
-0.52893,-2.8508,4.9906,0.35157,-0.22922,5,0.693,1.8605,1.7695,0.40961,0.107
-1.6186,2.7909,0.066286,-1.588,3.3029,4.1359,0.693,0.95986,0.72497,0.61379,0.107
-1.5638,-3.2213,3.3388,3.7108,-1.8989,4.355,0.693,0.93845,0.83831,1.1067,0.107
-1.6186,3.8219,0.066087,-1.588,4.2584,4.1359,0.693,0.95986,0.72495,0.61379,0.107
-1.024,-1.9391,0.29198,-2.0297,4.3229,4.1308,0.693,1.0661,0.74488,0.6118,0.107
-1.6186,3.236,0.066243,-1.588,3.7126,4.1359,0.693,0.95986,0.72496,0.61379,0.107
-1.6187,2.1783,0.067056,-1.5879,3.2851,4.1358,0.693,0.96007,0.72485,0.6137,0.107
-1.6186,3.2059,0.066143,-1.588,3.6899,4.1359,0.693,0.95985,0.72497,0.61379,0.107
-1.6186,3.7411,0.066122,-1.588,4.1661,4.1359,0.693,0.95986,0.72496,0.61378,0.107
-1.4842,0.099778,1.3582,0.8876,-1.9244,4.3902,0.693,0.92466,0.83196,1.3244,0.107
-1.6186,3.8955,0.066157,-1.588,4.2765,4.1359,0.693,0.95988,0.72495,0.61378,0.107
-1.6186,3.8496,0.066126,-1.588,4.2415,4.1359,0.693,0.95987,0.72495,0.61378,0.107
-1.6486,-0.76586,0.07827,-1.5769,4.4946,4.1137,0.693,1.0057,0.68763,0.60344,0.107
-1.6186,3.1777,0.066179,-1.588,3.7043,4.1359,0.693,0.95986,0.72496,0.61379,0.107
-1.5689,-4.8819,-2.2091,-1.7861,2.6352,4.1978,0.693,0.61496,0.84801,0.52739,0.107
-1.6186,4.184,0.066125,-1.588,4.6044,4.1359,0.693,0.95987,0.72495,0.61378,0.107
-1.6486,-0.76586,0.078315,-1.5769,3.8096,4.1138,0.693,1.0056,0.68763,0.60345,0.107
-1.6186,3.4065,0.066225,-1.588,3.8967,4.1359,0.693,0.95989,0.72494,0.61377,0.107
-1.6186,3.4558,0.066127,-1.588,3.9494,4.1359,0.693,0.95986,0.72496,0.61378,0.107
-1.6186,2.6168,0.066419,-1.588,3.1256,4.1359,0.693,0.95987,0.72497,0.61377,0.107
-1.6186,3.7779,0.066135,-1.588,4.1967,4.1359,0.693,0.95989,0.72505,0.61364,0.107
-1.024,-1.9391,0.29198,-2.0297,4.4365,4.1308,0.693,1.0661,0.74488,0.6118,0.107
-1.6186,4.2002,0.066099,-1.588,4.5191,4.1359,0.693,0.95986,0.72495,0.61378,0.107
-1.5691,-4.9955,-2.2097,-1.7859,4.9292,4.1977,0.693,0.61456,0.84765,0.52798,0.107
-1.6186,3.2615,0.066174,-1.588,3.8511,4.1359,0.693,0.95987,0.72496,0.61378,0.107
-1.6186,3.2702,0.066204,-1.588,3.7312,4.1359,0.693,0.95986,0.72497,0.61378,0.107
-1.6186,3.4056,0.066131,-1.588,3.8945,4.1359,0.693,0.95986,0.72496,0.61378,0.107
-1.6186,3.1901,0.066117,-1.588,3.8947,4.1359,0.693,0.95985,0.72496,0.61378,0.107
-1.6186,3.6616,0.066173,-1.588,4.235,4.1359,0.693,0.95988,0.72494,0.61378,0.107
-1.6486,-0.76586,0.078318,-1.5769,3.8036,4.1138,0.693,1.0057,0.68762,0.60345,0.107
-1.6186,3.1163,0.066213,-1.588,3.6635,4.1359,0.693,0.95987,0.72496,0.61378,0.107
-1.6187,2.0469,0.066899,-1.5879,3.542,4.1358,0.693,0.96008,0.72485,0.6137,0.107
-1.6186,3.2841,0.066188,-1.588,3.7344,4.1359,0.693,0.95987,0.72495,0.61378,0.107
-1.4843,0.099779,1.6553,0.8877,-1.9242,4.3902,0.693,0.9248,0.83211,1.3246,0.107
-1.6186,3.0938,0.066178,-1.588,3.6068,4.1359,0.693,0.95986,0.72497,0.61379,0.107
-1.6186,2.8265,0.066332,-1.588,3.3346,4.1359,0.693,0.95987,0.72496,0.61377,0.107
-1.5034,-3.3522,1.5169,-1.7778,-1.7586,3.982,0.693,0.66118,0.81844,0.76367,0.107
-1.6186,3.7622,0.06612,-1.588,4.4252,4.1359,0.693,0.95987,0.72495,0.61378,0.107
-1.569,-4.9324,-2.2095,-1.786,2.7992,4.1977,0.693,0.61482,0.84799,0.52734,0.107
-1.6186,3.1141,0.066141,-1.588,3.6382,4.1359,0.693,0.95986,0.72497,0.61378,0.107
-1.6486,-0.76587,0.078267,-1.5769,4.6118,4.1137,0.693,1.0056,0.68763,0.60346,0.107
-1.6186,3.4212,0.066144,-1.588,3.8172,4.1359,0.693,0.95986,0.72496,0.61378,0.107
-1.6186,3.4491,0.066163,-1.588,3.7819,4.1359,0.693,0.95986,0.72496,0.61378,0.107
-1.6186,3.2686,0.066167,-1.588,3.7769,4.1359,0.693,0.95987,0.72495,0.61378,0.107
-1.6186,2.7397,0.06634,-1.588,3.1696,4.1359,0.693,0.95986,0.72497,0.61379,0.107
-1.5684,-4.6303,-2.2065,-1.7867,3.5542,4.198,0.693,0.61491,0.84741,0.52663,0.107
-1.6186,3.2676,0.066137,-1.588,3.7194,4.1359,0.693,0.95985,0.72497,0.61379,0.107
-1.6186,3.8408,0.066125,-1.588,4.2651,4.1359,0.693,0.95987,0.72495,0.61378,0.107
-1.5638,-3.2213,3.3454,3.7146,-1.8989,4.355,0.693,0.93846,0.83834,1.1067,0.107
-1.5026,-3.3691,0.53639,-1.7788,-1.7594,3.9825,0.693,0.66044,0.81732,0.76713,0.107
-1.6186,2.7843,0.066378,-1.588,3.2969,4.1359,0.693,0.95987,0.72495,0.61378,0.107
-1.6186,3.2732,0.066176,-1.588,3.7453,4.1359,0.693,0.95985,0.72496,0.61379,0.107
-1.6186,3.7501,0.066094,-1.588,4.1776,4.1359,0.693,0.95985,0.72496,0.61379,0.107
-1.6186,3.2127,0.066183,-1.588,3.7134,4.1359,0.693,0.95985,0.72496,0.61379,0.107
-1.6186,3.9479,0.066111,-1.588,4.2425,4.1359,0.693,0.95986,0.72495,0.61378,0.107
-1.5638,-3.2213,3.3444,3.7135,-1.8989,4.355,0.693,0.93845,0.83832,1.1067,0.107
-1.6186,3.1037,0.066166,-1.588,3.6315,4.1359,0.693,0.96,0.7249,0.61371,0.107
-1.5638,-3.2213,3.3388,3.7108,-1.8989,4.355,0.693,0.93845,0.83833,1.1067,0.107
-1.6186,3.6712,0.066147,-1.588,4.1016,4.1359,0.693,0.95986,0.72495,0.61379,0.107
-1.5033,-3.3592,1.1273,-1.7777,-1.7593,3.9819,0.693,0.66131,0.81854,0.76371,0.107
-1.6186,3.7054,0.066117,-1.588,4.0539,4.1359,0.693,0.95987,0.72495,0.61378,0.107
-1.5638,-3.2213,3.3495,3.7153,-1.8989,4.355,0.693,0.93844,0.83832,1.1067,0.107
-1.6186,3.4291,0.066138,-1.588,3.9263,4.1359,0.693,0.95986,0.72496,0.61378,0.107
-1.6186,3.4848,0.066149,-1.588,3.6832,4.1359,0.693,0.95987,0.72496,0.61377,0.107
-1.5233,-4.8881,-2.0341,-1.8309,-1.6742,3.9412,0.693,0.53685,0.8329,0.82505,0.107
-1.6186,3.3821,0.066198,-1.588,3.7502,4.1359,0.693,0.95987,0.72495,0.61378,0.107
-1.6186,3.7319,0.066114,-1.588,4.1793,4.1359,0.693,0.95985,0.72496,0.61379,0.107
-1.6186,3.8731,0.066123,-1.588,4.2586,4.1359,0.693,0.95986,0.72495,0.61378,0.107
-1.6186,2.1489,0.06751,-1.5882,3.2277,4.1356,0.693,0.96012,0.72475,0.61374,0.107
-1.6186,3.4238,0.066247,-1.588,3.7028,4.1359,0.693,0.95987,0.72495,0.61378,0.107
-1.569,-4.9498,-2.2096,-1.786,2.6688,4.1977,0.693,0.61455,0.84776,0.52724,0.107
-1.5034,-3.3519,1.5449,-1.7778,-1.7586,3.9821,0.693,0.66126,0.81831,0.76371,0.107
-1.6186,3.2659,0.066163,-1.588,4.0016,4.1359,0.693,0.95987,0.72495,0.61379,0.107
-1.4876,1.2693,1.7633,0.4877,-1.939,4.3442,0.693,0.94031,0.83721,1.3235,0.107
-1.6186,3.2211,0.066206,-1.588,3.5572,4.1359,0.693,0.95988,0.72495,0.61379,0.107
-1.6186,2.7593,0.066334,-1.588,3.2729,4.1359,0.693,0.95987,0.72496,0.61378,0.107
-1.6186,3.4993,0.066108,-1.588,3.988,4.1359,0.693,0.95986,0.72496,0.61378,0.107
-1.6186,3.1923,0.066215,-1.588,3.7198,4.1359,0.693,0.95986,0.72495,0.61379,0.107
-1.5033,-3.3505,1.7648,-1.7779,-1.7584,3.982,0.693,0.66113,0.8184,0.76368,0.107
-1.5234,-4.9999,-2.0346,-1.8308,-1.6738,3.9412,0.693,0.53679,0.83282,0.82507,0.107
-1.4843,0.099783,1.7221,0.88771,-1.9242,4.3902,0.693,0.92479,0.83211,1.3241,0.107
-1.6186,2.8713,0.066186,-1.588,3.3725,4.1359,0.693,0.95985,0.72497,0.61379,0.107
-1.6184,2.1785,0.06523,-1.5883,3.5583,4.1359,0.693,0.95972,0.72493,0.61396,0.107
-1.4635,-2.6636,-2.7668,4.0198,-1.9012,4.3809,0.693,0.56168,0.89449,1.2452,0.107
-1.569,-4.9593,-2.2096,-1.786,3.2896,4.1977,0.693,0.6148,0.84795,0.52738,0.107
-1.6186,4.0344,0.066114,-1.588,4.4327,4.1359,0.693,0.95987,0.72495,0.61378,0.107
-1.6186,2.7763,0.066286,-1.588,3.2887,4.1359,0.693,0.95986,0.72496,0.61379,0.107
-1.4384,2.5711,1.0182,-1.8169,-1.8607,4.0058,0.693,0.70138,0.89252,0.95526,0.107
-1.6186,4.2087,0.06611,-1.588,4.5914,4.1359,0.693,0.95987,0.72495,0.61378,0.107
-1.6186,3.6722,0.066133,-1.588,4.1075,4.1359,0.693,0.95987,0.72495,0.61378,0.107
-1.6186,3.7741,0.066128,-1.588,4.1898,4.1359,0.693,0.95985,0.72495,0.6138,0.107
-1.6186,3.0717,0.066205,-1.588,3.5868,4.1359,0.693,0.95986,0.72496,0.61379,0.107
-1.6186,3.203,0.066186,-1.588,3.7136,4.1359,0.693,0.95988,0.72495,0.61377,0.107
-1.6186,4.0131,0.066138,-1.588,4.242,4.1359,0.693,0.95986,0.72495,0.61378,0.107
-1.5638,-3.2213,3.3465,3.7142,-1.8989,4.355,0.693,0.93845,0.83832,1.1067,0.107
-1.6186,3.1439,0.066206,-1.588,3.6676,4.1359,0.693,0.95987,0.72496,0.61378,0.107
-1.5691,-4.9819,-2.2097,-1.7859,2.8205,4.1977,0.693,0.61463,0.84781,0.52776,0.107
-1.5231,-4.7164,-2.0332,-1.831,-1.6748,3.9412,0.693,0.53687,0.83287,0.82525,0.107
-1.4504,2.9959,-1.9216,-1.8041,-1.8975,3.966,0.693,0.57094,0.88147,1.0295,0.107
-1.5168,1.4689,-4.8842,-2.0115,2.7475,4.2326,0.693,1.3435,0.83642,0.76544,0.107
-1.6186,3.4251,0.066157,-1.588,3.803,4.1359,0.693,0.95985,0.72496,0.61379,0.107
-1.6186,3.2519,0.066188,-1.588,3.7281,4.1359,0.693,0.95987,0.72495,0.61378,0.107
-1.6486,-0.7658,0.078333,-1.5769,3.7956,4.1138,0.693,1.0056,0.68764,0.60346,0.107
-1.6186,3.8535,0.06612,-1.588,4.2594,4.1359,0.693,0.95986,0.72495,0.61378,0.107
-1.5233,-4.8662,-2.034,-1.8309,-1.6742,3.9412,0.693,0.5369,0.83292,0.82516,0.107
-1.6186,3.2625,0.066134,-1.588,3.9708,4.1359,0.693,0.95987,0.72495,0.61377,0.107
-1.6186,4.2109,0.066122,-1.588,4.7069,4.1359,0.693,0.95987,0.72495,0.61378,0.107
-1.6186,3.1183,0.066222,-1.588,3.6421,4.1359,0.693,0.95988,0.72495,0.61378,0.107
-1.6186,3.7435,0.066127,-1.588,4.1024,4.1359,0.693,0.95986,0.72495,0.61378,0.107
-1.6186,3.0572,0.066496,-1.588,3.1424,4.1359,0.693,0.95985,0.72496,0.6138,0.107
-1.024,-1.9391,0.29197,-2.0297,3.9833,4.1308,0.693,1.0661,0.74486,0.61179,0.107
-1.6186,3.8857,0.066075,-1.588,4.2228,4.1359,0.693,0.95985,0.72496,0.61379,0.107
-1.5638,-3.2213,3.3495,3.7152,-1.8989,4.355,0.693,0.93845,0.83832,1.1067,0.107
-1.4381,3.6621,1.6937,-1.8175,-1.8595,4.0059,0.693,0.70105,0.89208,0.95579,0.107
-1.6186,3.1637,0.066128,-1.588,3.7471,4.1359,0.693,0.95985,0.72496,0.61379,0.107
-1.4381,3.6255,3.4261,-1.8176,-1.8593,4.006,0.693,0.70103,0.89208,0.95574,0.107
-1.6186,2.8031,0.066267,-1.588,3.3138,4.1359,0.693,0.95986,0.72497,0.61379,0.107
-1.569,-4.9465,-2.2096,-1.786,2.8301,4.1977,0.693,0.6148,0.848,0.52732,0.107
-1.6486,-0.76582,0.078478,-1.577,3.5555,4.1137,0.693,1.0055,0.68764,0.6036,0.107
-1.5688,-4.7977,-2.2084,-1.7862,2.6218,4.1979,0.693,0.61501,0.84786,0.52773,0.107
-1.6186,4.2017,0.066152,-1.588,4.5941,4.1359,0.693,0.95987,0.72495,0.61379,0.107
-1.2629,0.20928,-3.4995,3.7434,-1.765,4.4486,0.693,0.61525,0.90092,1.3688,0.107
-1.6186,3.2053,0.066096,-1.588,3.9889,4.136,0.693,0.95991,0.72506,0.61368,0.107
-1.6186,2.7873,0.066217,-1.588,3.2987,4.1359,0.693,0.95985,0.72497,0.61379,0.107
-1.5691,-4.9951,-2.2098,-1.7859,3.6718,4.1977,0.693,0.61458,0.84773,0.52783,0.107
-1.6486,-0.76587,0.078272,-1.5769,4.6247,4.1137,0.693,1.0056,0.68762,0.60345,0.107
-1.6186,3.2891,0.066174,-1.588,3.8909,4.1359,0.693,0.95987,0.72495,0.61378,0.107
-1.6184,2.1386,0.065473,-1.5883,3.7979,4.1359,0.693,0.95975,0.72502,0.61384,0.107
-1.6186,3.7675,0.066136,-1.588,4.1591,4.1359,0.693,0.95987,0.72495,0.61378,0.107
-1.5691,-4.9888,-2.2097,-1.7859,2.8644,4.1977,0.693,0.61461,0.84778,0.5278,0.107
-1.5033,-3.3509,1.6887,-1.778,-1.7583,3.9821,0.693,0.66101,0.81829,0.76393,0.107
-1.569,-4.9352,-2.2094,-1.786,2.6535,4.1977,0.693,0.61473,0.84781,0.5278,0.107
-1.6186,2.8605,0.066315,-1.588,3.3648,4.1359,0.693,0.95987,0.72496,0.61378,0.107
-1.4381,2.7856,1.18,-1.8178,-1.8598,4.0058,0.693,0.70082,0.89198,0.95625,0.107
-1.6186,4.116,0.066194,-1.588,4.1621,4.1359,0.693,0.95987,0.72495,0.61377,0.107
-1.5688,-4.7971,-2.2084,-1.7862,2.635,4.1978,0.693,0.6154,0.84812,0.52801,0.107
-1.4635,-2.6636,-2.7668,4.5796,-1.9012,4.3809,0.693,0.5617,0.8945,1.2451,0.107
-1.6186,3.1149,0.066173,-1.588,3.7122,4.1359,0.693,0.95986,0.72495,0.61379,0.107
-1.6186,3.7067,0.06618,-1.588,4.0524,4.1359,0.693,0.95988,0.72494,0.61378,0.107
-1.6186,3.7449,0.066118,-1.588,4.3558,4.1359,0.693,0.95987,0.72495,0.61378,0.107
-1.6186,2.8579,0.066261,-1.588,3.3611,4.1359,0.693,0.95985,0.72495,0.61381,0.107
-1.6186,2.737,0.066433,-1.588,3.2421,4.1359,0.693,0.95989,0.72495,0.61378,0.107
-1.6186,3.7987,0.066103,-1.588,4.2486,4.1359,0.693,0.95986,0.72496,0.61378,0.107
-1.6186,2.919,0.066244,-1.588,3.4173,4.1359,0.693,0.95987,0.72496,0.61378,0.107
-1.6186,3.2095,0.066174,-1.588,3.996,4.1359,0.693,0.95987,0.72495,0.61378,0.107
-1.5691,-4.9921,-2.2097,-1.7859,3.7995,4.1977,0.693,0.61464,0.84767,0.52799,0.107
-1.6186,3.1186,0.066129,-1.588,3.6391,4.1359,0.693,0.95984,0.72497,0.61379,0.107
-1.6186,2.7783,0.066282,-1.588,3.2905,4.1359,0.693,0.95987,0.72497,0.61378,0.107
-1.5638,-3.2214,3.8687,4.3962,-1.8989,4.355,0.693,0.93845,0.83832,1.1067,0.107
-1.6186,2.5063,0.066421,-1.588,2.9956,4.1359,0.693,0.95985,0.72498,0.6138,0.107
-1.6186,3.2344,0.066118,-1.588,3.8232,4.1359,0.693,0.95986,0.72496,0.61379,0.107
-1.2629,0.2097,-3.4995,3.0798,-1.765,4.4485,0.693,0.61531,0.90085,1.3688,0.107
-1.5233,-4.8828,-2.034,-1.8309,-1.6742,3.9412,0.693,0.53671,0.83277,0.82497,0.107
-1.6186,2.8445,0.066318,-1.588,3.3503,4.1359,0.693,0.95987,0.72496,0.61378,0.107
-1.6186,3.2854,0.066254,-1.588,3.7237,4.1359,0.693,0.95988,0.72495,0.61378,0.107
-1.6486,-0.76572,0.078472,-1.5769,3.1041,4.1138,0.693,1.0056,0.68768,0.60347,0.107
-1.6186,3.2804,0.066142,-1.588,3.908,4.1359,0.693,0.95986,0.72496,0.61379,0.107
-1.6486,-0.76594,0.078306,-1.5769,3.9214,4.1137,0.693,1.0056,0.68762,0.60346,0.107
-1.4636,-2.6636,-2.7668,4.5294,-1.9012,4.3809,0.693,0.56168,0.89451,1.2452,0.107
-1.5686,-4.7692,-2.2082,-1.7864,2.5947,4.1978,0.693,0.61467,0.84753,0.52691,0.107
-1.569,-4.9654,-2.2097,-1.786,2.8045,4.1977,0.693,0.6148,0.84802,0.52732,0.107
-1.6186,3.174,0.066107,-1.588,3.7288,4.1359,0.693,0.95985,0.72497,0.61379,0.107
-1.5638,-3.2214,3.8955,4.2203,-1.8989,4.355,0.693,0.93845,0.83831,1.1067,0.107
-1.6186,4.1972,0.066106,-1.588,4.5201,4.1359,0.693,0.95987,0.72495,0.61378,0.107
-1.484,0.10127,2.6132,0.88127,-1.9246,4.3898,0.693,0.9249,0.83203,1.3229,0.107
-1.6186,4.3523,0.066102,-1.588,4.6651,4.1359,0.693,0.95987,0.72495,0.61378,0.107
-1.6186,3.8561,0.06612,-1.588,4.1633,4.1359,0.693,0.95986,0.72495,0.61378,0.107
-1.6486,-0.76581,0.078366,-1.5769,3.8044,4.1137,0.693,1.0057,0.68762,0.60346,0.107
-1.024,-1.9391,0.29193,-2.0297,4.4102,4.1308,0.693,1.0661,0.74488,0.61179,0.107
-1.6186,3.2496,0.066123,-1.588,3.7246,4.1359,0.693,0.95984,0.72496,0.61379,0.107
-1.6186,3.2827,0.066127,-1.588,3.8791,4.1359,0.693,0.95987,0.72496,0.61378,0.107
-1.5689,-4.9054,-2.2092,-1.7861,3.0142,4.1976,0.693,0.61355,0.84689,0.52589,0.107
-1.5638,-3.2212,3.362,3.7914,-1.8989,4.355,0.693,0.93845,0.83832,1.1067,0.107
-1.6186,3.1301,0.066162,-1.588,3.6423,4.1359,0.693,0.95986,0.72496,0.61378,0.107
-1.6186,3.7493,0.06613,-1.588,4.1759,4.1359,0.693,0.95987,0.72495,0.61378,0.107
-1.6486,-0.76588,0.078232,-1.5769,4.7245,4.1138,0.693,1.0056,0.68763,0.60346,0.107
-2.8055,0.49463,-5,1.0114,-1.4476,4.3898,0.693,0.58495,0.96327,1.3995,0.107
-1.6186,2.8013,0.066299,-1.588,3.3119,4.1359,0.693,0.95987,0.72496,0.61378,0.107
-1.6186,3.903,0.066143,-1.588,4.1627,4.1359,0.693,0.95987,0.72495,0.61378,0.107
-1.6186,2.8321,0.066312,-1.588,3.307,4.1359,0.693,0.95986,0.72496,0.61379,0.107
-1.6186,4.1781,0.066112,-1.588,4.6136,4.1359,0.693,0.95987,0.72495,0.61378,0.107
-1.5638,-3.2212,3.3542,3.7169,-1.8989,4.355,0.693,0.93844,0.83832,1.1067,0.107
-1.6186,3.1829,0.066154,-1.588,3.8836,4.1359,0.693,0.95987,0.72495,0.61378,0.107
-1.6186,3.2324,0.066233,-1.588,3.6595,4.1359,0.693,0.95986,0.72495,0.61379,0.107
-1.6186,3.0795,0.0662,-1.588,3.5975,4.1359,0.693,0.95986,0.72496,0.61378,0.107
-1.6486,-0.76585,0.078329,-1.5769,3.7919,4.1138,0.693,1.0056,0.68764,0.60348,0.107
-1.6186,3.9262,0.066135,-1.588,4.1647,4.1359,0.693,0.95986,0.72495,0.61378,0.107
-1.6186,2.7659,0.066279,-1.588,3.2795,4.1359,0.693,0.95986,0.72497,0.61378,0.107
-1.6186,3.8463,0.066121,-1.588,4.2825,4.1359,0.693,0.95987,0.72495,0.61378,0.107
-1.6186,3.9327,0.066126,-1.588,4.235,4.1359,0.693,0.95987,0.72495,0.61378,0.107
-1.5687,-4.7942,-2.2084,-1.7862,2.6344,4.1978,0.693,0.61515,0.84812,0.52716,0.107
-1.5691,-4.998,-2.2098,-1.7859,2.8945,4.1977,0.693,0.61497,0.84808,0.52798,0.107
-1.6186,3.1652,0.0662,-1.588,3.711,4.1359,0.693,0.95985,0.72496,0.61379,0.107
-1.6486,-0.76585,0.078329,-1.5769,3.8006,4.1137,0.693,1.0056,0.68763,0.60345,0.107
-1.6186,4.4084,0.066095,-1.588,4.6413,4.1359,0.693,0.95986,0.72496,0.61378,0.107
-1.024,-1.939,0.29205,-2.0297,3.8482,4.1308,0.693,1.0661,0.74488,0.61179,0.107
-1.024,-1.939,0.29202,-2.0297,3.8846,4.1308,0.693,1.0661,0.74488,0.6118,0.107
-1.6186,3.0406,0.066215,-1.588,3.5557,4.1359,0.693,0.95987,0.72496,0.61378,0.107
-1.6186,3.5235,0.066193,-1.588,3.7245,4.1359,0.693,0.95987,0.72496,0.61378,0.107
-1.6186,3.2071,0.066171,-1.588,3.7678,4.1359,0.693,0.95986,0.72496,0.61379,0.107
-0.52893,-2.8508,4.9113,0.35157,-0.22922,5,0.693,1.8605,1.7695,0.40961,0.107
-1.4886,1.6816,1.1942,0.47774,-1.9398,4.3404,0.693,0.93739,0.84104,1.3237,0.107
-1.4844,0.10127,2.5432,0.88127,-1.9242,4.3898,0.693,0.92519,0.83238,1.3244,0.107
-1.6186,3.1281,0.066175,-1.588,3.6279,4.1359,0.693,0.95986,0.72496,0.61378,0.107
-1.6186,3.121,0.066211,-1.588,3.6437,4.1359,0.693,0.95986,0.72495,0.61379,0.107
-1.6186,3.4391,0.066232,-1.588,3.8461,4.1359,0.693,0.95988,0.72494,0.61378,0.107
-1.4383,2.0789,3.5088,-1.8173,-1.8595,4.006,0.693,0.7012,0.89237,0.95534,0.107
-1.6186,2.8046,0.066291,-1.588,3.3169,4.1359,0.693,0.95988,0.72496,0.61377,0.107
-1.6186,3.1249,0.066207,-1.588,3.6478,4.1359,0.693,0.95987,0.72495,0.61378,0.107
-1.6486,-0.76575,0.078491,-1.5769,3.5496,4.1137,0.693,1.0057,0.68762,0.60344,0.107
-1.6186,3.1784,0.066154,-1.588,3.87,4.1359,0.693,0.95986,0.72496,0.61379,0.107
-1.6186,3.1024,0.066188,-1.588,3.6211,4.1359,0.693,0.95986,0.72496,0.61378,0.107
-1.024,-1.9391,0.29197,-2.0297,4.4498,4.1308,0.693,1.0661,0.74488,0.6118,0.107
-1.6186,2.8198,0.06627,-1.588,3.3314,4.1359,0.693,0.95986,0.72497,0.61379,0.107
-1.6186,3.7076,0.06613,-1.588,4.0524,4.1359,0.693,0.95988,0.72495,0.61378,0.107
-1.6186,4.1792,0.066075,-1.588,4.6038,4.1359,0.693,0.95986,0.72495,0.61378,0.107
-1.6186,3.1403,0.06623,-1.588,3.6579,4.1359,0.693,0.95988,0.72495,0.61378,0.107
-1.6186,3.4423,0.066152,-1.588,3.9357,4.1359,0.693,0.95986,0.72495,0.61379,0.107
-1.6186,3.4976,0.06619,-1.588,3.7097,4.1359,0.693,0.95986,0.72496,0.61379,0.107
-1.5234,-4.9681,-2.0344,-1.8309,-1.6739,3.9412,0.693,0.53686,0.83283,0.82541,0.107
-1.6186,4.0468,0.066142,-1.588,4.1533,4.1359,0.693,0.95986,0.72496,0.61379,0.107
-1.6186,2.8066,0.066348,-1.588,3.3166,4.1359,0.693,0.95987,0.72495,0.61378,0.107
-1.6183,2.2284,0.064689,-1.5884,4.0424,4.1359,0.693,0.95966,0.72507,0.61373,0.107
-1.6186,4.3817,0.066111,-1.588,4.6628,4.1359,0.693,0.95986,0.72495,0.61378,0.107
-2.8055,0.49463,-5,1.0114,-1.4476,4.3898,0.693,0.58495,0.96327,1.3995,0.107
-1.6186,3.7492,0.066128,-1.588,4.2096,4.1359,0.693,0.95986,0.72495,0.61378,0.107
-1.6186,2.7918,0.066255,-1.588,3.3028,4.1359,0.693,0.95986,0.72497,0.61379,0.107
-1.6486,-0.76588,0.07827,-1.5769,3.8094,4.1138,0.693,1.0056,0.68764,0.60346,0.107
-1.6186,3.1978,0.066178,-1.588,3.7616,4.1359,0.693,0.95987,0.72495,0.61378,0.107
-1.4636,-2.6635,-2.7668,4.6003,-1.9012,4.3809,0.693,0.56171,0.89449,1.2452,0.107
-1.6186,3.8603,0.066133,-1.588,4.2491,4.1359,0.693,0.95987,0.72495,0.61378,0.107
-1.6486,-0.76587,0.078307,-1.5769,4.5276,4.1137,0.693,1.0057,0.68762,0.60346,0.107
-1.2629,0.20984,-3.4995,3.0571,-1.765,4.4485,0.693,0.61531,0.90091,1.3688,0.107
-1.6186,3.4571,0.066149,-1.588,3.9506,4.1359,0.693,0.95987,0.72496,0.61378,0.107
-1.6186,3.244,0.066205,-1.588,3.8713,4.1359,0.693,0.95987,0.72495,0.61378,0.107
-1.6186,3.2349,0.06613,-1.588,3.7133,4.1359,0.693,0.95984,0.72497,0.61379,0.107
-0.52893,-2.8508,4.9909,0.35157,-0.22922,5,0.693,1.8605,1.7695,0.40961,0.107
-1.4637,-2.6631,-2.7666,3.6211,-1.9012,4.3809,0.693,0.56172,0.89451,1.2451,0.107
-1.6186,3.2026,0.066066,-1.588,3.8511,4.1359,0.693,0.95984,0.72497,0.61379,0.107
-1.6186,3.4476,0.066147,-1.588,3.9425,4.1359,0.693,0.95987,0.72495,0.61378,0.107
-1.6185,2.1669,0.065953,-1.5882,3.284,4.1359,0.693,0.95983,0.72488,0.61393,0.107
-1.4503,1.2786,-1.9215,-1.8043,-1.8974,3.966,0.693,0.571,0.88149,1.0295,0.107
-1.6186,3.443,0.066131,-1.588,3.9381,4.1359,0.693,0.95987,0.72496,0.61378,0.107
-1.6186,4.7131,0.066119,-1.588,4.7973,4.1359,0.693,0.95987,0.72495,0.61378,0.107
-1.6186,3.2469,0.066144,-1.588,3.9633,4.1359,0.693,0.95987,0.72495,0.61378,0.107
-1.4852,2.7907,2.5736,2.0902,-1.9491,4.326,0.693,0.95024,0.83632,1.3249,0.107
-1.6186,2.8561,0.066208,-1.588,3.3645,4.1359,0.693,0.95986,0.72496,0.61379,0.107
-1.6186,3.2532,0.066184,-1.588,3.7378,4.1359,0.693,0.95986,0.72496,0.61379,0.107
-1.6186,3.1363,0.066225,-1.588,3.559,4.1359,0.693,0.95986,0.72496,0.61379,0.107
-1.6186,2.919,0.066243,-1.588,3.4203,4.1359,0.693,0.95987,0.72496,0.61379,0.107
-1.6186,4.2028,0.066102,-1.588,4.5082,4.1359,0.693,0.95986,0.72496,0.61378,0.107
-1.6186,3.2697,0.066131,-1.588,3.7577,4.1359,0.693,0.95986,0.72496,0.61378,0.107
-1.6186,3.2144,0.066206,-1.588,3.7428,4.1359,0.693,0.95986,0.72495,0.61378,0.107
-1.6186,3.6962,0.066127,-1.588,4.062,4.1359,0.693,0.95986,0.72496,0.61378,0.107
-1.6186,3.3704,0.066226,-1.588,3.8837,4.1359,0.693,0.95986,0.72495,0.61379,0.107
-1.4504,3.1556,-1.9213,-1.8039,-1.8977,3.9659,0.693,0.57105,0.88164,1.0292,0.107
-1.4636,-2.6635,-2.7667,3.958,-1.9012,4.3809,0.693,0.56171,0.89449,1.2452,0.107
-1.6186,3.4531,0.066141,-1.588,3.9467,4.1359,0.693,0.95986,0.72495,0.61378,0.107
-1.6186,4.3345,0.066109,-1.588,4.6501,4.1359,0.693,0.95987,0.72495,0.61378,0.107
-1.6186,4.2015,0.066118,-1.588,4.5084,4.1359,0.693,0.95987,0.72495,0.61378,0.107
-1.569,-4.9473,-2.2096,-1.786,2.7553,4.1977,0.693,0.61483,0.84801,0.52733,0.107
-1.5032,-3.3534,1.4008,-1.7781,-1.7584,3.9821,0.693,0.66088,0.81817,0.76429,0.107
-1.5032,-3.3577,3.6406,-1.7779,-1.7587,3.982,0.693,0.661,0.81831,0.76381,0.107
-1.5638,-3.2215,3.339,3.7108,-1.8989,4.355,0.693,0.93847,0.8383,1.1067,0.107
-1.6186,3.2249,0.066197,-1.588,3.6685,4.1359,0.693,0.95986,0.72496,0.61379,0.107
-1.6186,4.0894,0.066136,-1.588,4.1396,4.1359,0.693,0.95987,0.72496,0.61378,0.107
-1.6186,3.213,0.06613,-1.588,3.9808,4.1359,0.693,0.95987,0.72495,0.61378,0.107
-1.569,-4.9832,-2.2097,-1.786,2.5358,4.1976,0.693,0.61343,0.84698,0.52594,0.107
-1.4847,0.10127,2.6145,0.88129,-1.9238,4.3898,0.693,0.92494,0.83188,1.3258,0.107
-1.6186,3.9017,0.066091,-1.588,4.2143,4.1359,0.693,0.95986,0.72496,0.61379,0.107
-1.6486,-0.76589,0.078272,-1.5769,3.8125,4.1138,0.693,1.0057,0.68763,0.60345,0.107
-1.6186,3.2758,0.066158,-1.588,3.8793,4.1359,0.693,0.95986,0.72495,0.61378,0.107
-1.6186,2.8423,0.066338,-1.588,3.3483,4.1359,0.693,0.95988,0.72495,0.61379,0.107
-1.5638,-3.2214,4.2987,4.6968,-1.8989,4.3551,0.693,0.93845,0.83832,1.1067,0.107
-1.6186,3.1327,0.066177,-1.588,3.6622,4.1359,0.693,0.95987,0.72496,0.61378,0.107
-1.4842,0.099476,1.75,0.88905,-1.9242,4.3903,0.693,0.92471,0.83215,1.3244,0.107
-1.6186,4.0577,0.066071,-1.588,4.4505,4.1359,0.693,0.95985,0.72496,0.61379,0.107
-1.6186,2.8014,0.066293,-1.588,3.3121,4.1359,0.693,0.95987,0.72496,0.61378,0.107
-1.4382,0.61513,1.1996,-1.8182,-1.8593,4.0059,0.693,0.7015,0.89239,0.95522,0.107
-1.6186,4.3346,0.066103,-1.588,4.6804,4.1359,0.693,0.95986,0.72495,0.61378,0.107
-1.6186,3.1901,0.066184,-1.588,3.7054,4.1359,0.693,0.95987,0.72496,0.61378,0.107
-1.6186,3.1591,0.066146,-1.588,3.7378,4.1359,0.693,0.95985,0.72496,0.61379,0.107
-1.6186,3.2469,0.066156,-1.588,3.8224,4.1359,0.693,0.95986,0.72496,0.61379,0.107
-1.6186,3.7073,0.066118,-1.588,4.1501,4.1359,0.693,0.95987,0.72495,0.61378,0.107
-1.6186,3.9349,0.066139,-1.588,4.2467,4.1359,0.693,0.95987,0.72495,0.61378,0.107
-1.6186,3.1126,0.06623,-1.588,3.644,4.1359,0.693,0.95988,0.72495,0.61378,0.107
-1.4636,-2.6634,-2.7667,3.9984,-1.9012,4.3809,0.693,0.5617,0.89449,1.2452,0.107
-1.6186,3.7067,0.066117,-1.588,4.1981,4.1359,0.693,0.95986,0.72495,0.61378,0.107
-1.4635,-2.6636,-2.7668,4.5466,-1.9012,4.3809,0.693,0.56169,0.89449,1.2452,0.107
-1.569,-4.9962,-2.2099,-1.7859,2.7338,4.1977,0.693,0.61477,0.84806,0.52725,0.107
-1.5691,-4.9844,-2.2097,-1.7859,2.7887,4.1977,0.693,0.61465,0.84773,0.52793,0.107
-1.6186,3.7074,0.066155,-1.588,4.0513,4.1359,0.693,0.95987,0.72495,0.61378,0.107
-1.024,-1.939,0.29211,-2.0297,3.63,4.1308,0.693,1.0661,0.74488,0.6118,0.107
-0.52893,-2.8508,4.9113,0.35157,-0.22922,5,0.693,1.8605,1.7695,0.40961,0.107
-1.6186,2.8734,0.066252,-1.588,3.379,4.1359,0.693,0.95986,0.72496,0.61378,0.107
-1.6186,2.7795,0.0664,-1.588,3.2851,4.1359,0.693,0.95987,0.72495,0.61379,0.107
-1.6186,3.2898,0.066102,-1.588,3.8663,4.1359,0.693,0.95987,0.72496,0.61377,0.107
-1.6186,3.1782,0.066148,-1.588,3.8713,4.1359,0.693,0.95986,0.72496,0.61379,0.107
-1.6186,3.1456,0.066175,-1.588,3.6464,4.1359,0.693,0.95986,0.72496,0.61379,0.107
-1.6186,2.7621,0.066341,-1.588,3.2758,4.1359,0.693,0.95987,0.72495,0.61379,0.107
-1.6186,3.1203,0.066174,-1.588,3.6441,4.1359,0.693,0.95987,0.72496,0.61378,0.107
-1.6186,4.1818,0.066113,-1.588,4.627,4.1359,0.693,0.95987,0.72495,0.61378,0.107
-1.6187,3.6036,0.067843,-1.5878,2.7842,4.1359,0.693,0.95986,0.72503,0.61369,0.107
-1.4504,4.6452,-1.9216,-1.8041,-1.8975,3.966,0.693,0.57094,0.88146,1.0295,0.107
-1.6186,2.8082,0.066248,-1.588,3.317,4.1359,0.693,0.95986,0.72497,0.61379,0.107
-1.4827,0.056965,2.1133,1.9682,-1.9255,4.3917,0.693,0.92681,0.82972,1.3268,0.107
-1.6186,3.5469,0.066129,-1.588,4.0315,4.1359,0.693,0.95986,0.72496,0.61378,0.107
-1.6186,3.7949,0.066149,-1.588,4.1516,4.1359,0.693,0.95987,0.72495,0.61378,0.107
-1.6186,3.2495,0.066167,-1.588,3.6415,4.1359,0.693,0.95985,0.72496,0.61377,0.107
-1.6186,3.2694,0.066141,-1.588,4.02,4.1359,0.693,0.95986,0.72496,0.61378,0.107
-1.6188,2.1395,0.067767,-1.5877,4.0163,4.1357,0.693,0.96023,0.72487,0.6135,0.107
-1.4502,0.96624,-1.9213,-1.8045,-1.8973,3.966,0.693,0.57107,0.88154,1.0294,0.107
-1.5638,-3.2215,3.3436,3.7131,-1.8989,4.355,0.693,0.93843,0.83831,1.1067,0.107
-1.5169,1.6961,-4.756,-2.0114,2.8127,4.2328,0.693,1.3428,0.8385,0.76538,0.107
-1.6186,3.1402,0.066147,-1.588,3.7725,4.1359,0.693,0.95985,0.72496,0.6138,0.107
-1.6186,3.2145,0.066103,-1.588,3.7211,4.1359,0.693,0.95985,0.72496,0.61378,0.107
-1.6186,3.2254,0.066187,-1.588,3.7437,4.1359,0.693,0.95988,0.72495,0.61378,0.107
-1.438,2.7681,1.2024,-1.8179,-1.8597,4.006,0.693,0.70088,0.89177,0.9564,0.107
-1.6186,3.9833,0.066122,-1.588,4.1667,4.1359,0.693,0.95987,0.72495,0.61378,0.107
-1.6186,3.9729,0.066121,-1.588,4.2817,4.1359,0.693,0.95986,0.72495,0.61378,0.107
-1.5032,-3.3532,1.4148,-1.778,-1.7585,3.9821,0.693,0.66099,0.81824,0.76411,0.107
-1.569,-4.9411,-2.2095,-1.786,2.8017,4.1977,0.693,0.61484,0.84798,0.52739,0.107
-1.6186,3.2106,0.06618,-1.588,3.6858,4.1359,0.693,0.95987,0.72496,0.61378,0.107
-1.6186,2.8236,0.066305,-1.588,3.3317,4.1359,0.693,0.95988,0.72496,0.61378,0.107
-1.6186,3.1467,0.06616,-1.588,3.8238,4.1359,0.693,0.95986,0.72496,0.61378,0.107
-1.2628,0.2092,-3.4996,4.2556,-1.765,4.4486,0.693,0.61525,0.90092,1.3688,0.107
-1.6486,-0.76587,0.078306,-1.5769,4.535,4.1137,0.693,1.0057,0.6876,0.60347,0.107
-1.5688,-4.7678,-2.2081,-1.7862,2.592,4.1979,0.693,0.61567,0.84831,0.52823,0.107
-1.6186,2.7894,0.066432,-1.588,3.2156,4.1359,0.693,0.95987,0.72496,0.61378,0.107
-1.6186,3.9057,0.066087,-1.588,4.1767,4.1359,0.693,0.95986,0.72496,0.61378,0.107
-1.6186,3.0309,0.066217,-1.588,3.5395,4.1359,0.693,0.95987,0.72496,0.61378,0.107
-1.6186,3.7387,0.066116,-1.588,4.3975,4.1359,0.693,0.95986,0.72495,0.61378,0.107
-1.5638,-3.2213,3.3395,3.7114,-1.8989,4.355,0.693,0.93846,0.83832,1.1067,0.107
-1.6186,3.0769,0.066189,-1.588,3.6006,4.1359,0.693,0.95987,0.72496,0.61378,0.107
-1.6186,3.1405,0.066198,-1.588,3.7295,4.1359,0.693,0.95987,0.72495,0.61379,0.107
-1.6186,2.7353,0.066343,-1.588,3.2517,4.1359,0.693,0.95987,0.72496,0.61378,0.107
-1.6186,3.1104,0.066122,-1.588,3.6382,4.1359,0.693,0.95986,0.72496,0.61378,0.107
-1.6186,3.1073,0.066143,-1.588,3.635,4.1359,0.693,0.95986,0.72496,0.61378,0.107
-1.6186,3.2131,0.066257,-1.588,3.7006,4.1359,0.693,0.95988,0.72494,0.61378,0.107
-1.6186,2.806,0.066196,-1.588,3.3159,4.1359,0.693,0.95986,0.72496,0.61379,0.107
-1.5033,-3.352,1.5408,-1.7779,-1.7586,3.982,0.693,0.66115,0.81842,0.7637,0.107
-1.6185,3.2348,0.065999,-1.588,4.0258,4.1359,0.693,0.95979,0.72495,0.61387,0.107
-1.5638,-3.2215,3.8,4.3839,-1.8989,4.3551,0.693,0.93845,0.83832,1.1067,0.107
-1.6186,3.9152,0.066141,-1.588,4.3504,4.1359,0.693,0.95987,0.72495,0.61378,0.107
-1.6186,2.9487,0.066183,-1.588,3.447,4.1359,0.693,0.95985,0.72496,0.6138,0.107
-1.6186,3.1328,0.066173,-1.588,3.6573,4.1359,0.693,0.95986,0.72496,0.61379,0.107
-1.6186,3.4462,0.066144,-1.588,3.9418,4.1359,0.693,0.95987,0.72495,0.61378,0.107
-1.5638,-3.2213,3.3391,3.7113,-1.8989,4.355,0.693,0.93845,0.83832,1.1067,0.107
-1.6186,3.7426,0.066127,-1.588,4.1688,4.1359,0.693,0.95986,0.72495,0.61378,0.107
-1.6186,4.2745,0.066108,-1.588,4.6189,4.1359,0.693,0.95986,0.72495,0.61378,0.107
-1.6486,-0.76586,0.078288,-1.5769,4.4777,4.1137,0.693,1.0056,0.68762,0.60346,0.107
-1.6184,2.1415,0.066143,-1.5885,4.036,4.1357,0.693,0.95988,0.72516,0.61428,0.107
-1.4504,3.8814,-1.9216,-1.8041,-1.8975,3.966,0.693,0.57094,0.88146,1.0295,0.107
-1.6486,-0.76575,0.078445,-1.5769,3.7945,4.1137,0.693,1.0056,0.68761,0.60348,0.107
-1.6486,-0.76583,0.078381,-1.5769,3.5438,4.1137,0.693,1.0057,0.68763,0.60344,0.107
-1.6186,3.7707,0.066124,-1.588,4.1506,4.1359,0.693,0.95987,0.72495,0.61378,0.107
-1.6185,2.1422,0.065827,-1.5882,3.4241,4.1359,0.693,0.9598,0.72495,0.61386,0.107
-1.6486,-0.76587,0.07832,-1.5769,3.8031,4.1138,0.693,1.0056,0.68763,0.60345,0.107
-1.6186,3.7219,0.066096,-1.588,4.0774,4.1359,0.693,0.95985,0.72496,0.61378,0.107
-1.6186,3.2756,0.066179,-1.588,3.708,4.1359,0.693,0.95986,0.72496,0.61379,0.107
-1.5032,-3.3565,3.8267,-1.7779,-1.7587,3.982,0.693,0.66101,0.81832,0.76379,0.107
-1.6186,3.7526,0.066123,-1.588,4.4162,4.1359,0.693,0.95987,0.72495,0.61378,0.107
-1.5691,-4.9749,-2.2097,-1.7859,3.7311,4.1977,0.693,0.61474,0.84783,0.52757,0.107
-1.5691,-4.993,-2.2097,-1.7859,2.6046,4.1977,0.693,0.61463,0.84772,0.528,0.107
-1.6186,3.1923,0.066166,-1.588,3.722,4.1359,0.693,0.95986,0.72496,0.61379,0.107
-1.6186,3.2604,0.066087,-1.588,4.0249,4.1359,0.693,0.95986,0.72496,0.61378,0.107
-1.6186,3.6308,0.06615,-1.588,4.1103,4.1359,0.693,0.95987,0.72496,0.61379,0.107
-1.6186,3.2173,0.066156,-1.588,3.7377,4.1359,0.693,0.95987,0.72496,0.61378,0.107
-1.6186,4.2746,0.066113,-1.588,4.6252,4.1359,0.693,0.95987,0.72495,0.61378,0.107
-1.6186,3.6791,0.066074,-1.588,4.0837,4.1359,0.693,0.95987,0.72496,0.61378,0.107
-1.6186,4.6868,0.066082,-1.588,4.8319,4.1359,0.693,0.95986,0.72495,0.61378,0.107
-1.569,-4.9394,-2.2094,-1.786,2.7912,4.1977,0.693,0.61475,0.84778,0.52784,0.107
-1.6186,3.9102,0.066132,-1.588,4.3072,4.1359,0.693,0.95987,0.72495,0.61378,0.107
-1.5033,-3.3514,1.6078,-1.778,-1.7584,3.982,0.693,0.66097,0.81839,0.7639,0.107
-2.8055,0.49463,-5,1.0114,-1.4476,4.3898,0.693,0.58495,0.96327,1.3995,0.107
-1.5168,1.5945,-4.9135,-2.0114,2.6849,4.2326,0.693,1.3436,0.8367,0.76536,0.107
-1.6186,2.0602,0.06845,-1.5883,4.4041,4.1354,0.693,0.96015,0.72461,0.61385,0.107
-1.6186,3.0646,0.066278,-1.588,3.5862,4.1359,0.693,0.95988,0.72495,0.61377,0.107
-1.6187,2.1513,0.067335,-1.5878,3.2778,4.1358,0.693,0.96012,0.72479,0.61371,0.107
-1.024,-1.9391,0.29199,-2.0297,4.7377,4.1308,0.693,1.0661,0.74488,0.61179,0.107
-1.6186,3.054,0.066204,-1.588,3.5509,4.1359,0.693,0.95986,0.72496,0.61378,0.107
-1.6186,3.7614,0.066128,-1.588,4.1804,4.1359,0.693,0.95987,0.72495,0.61378,0.107
-1.6186,4.3592,0.06611,-1.588,4.6382,4.1359,0.693,0.95986,0.72495,0.61378,0.107
-1.4636,-2.6635,-2.7668,3.9596,-1.9012,4.3809,0.693,0.56171,0.8945,1.2451,0.107
-1.5638,-3.2215,3.3395,3.7113,-1.8989,4.355,0.693,0.93845,0.83831,1.1067,0.107
-1.6186,3.7134,0.066106,-1.588,4.2718,4.1359,0.693,0.95986,0.72496,0.61379,0.107
-1.6186,2.5778,0.066431,-1.588,3.1229,4.1359,0.693,0.95987,0.72498,0.61377,0.107
-1.6186,4.3534,0.066123,-1.588,4.6552,4.1359,0.693,0.95987,0.72495,0.61378,0.107
-0.52893,-2.8508,4.999,0.35157,-0.22922,5,0.693,1.8605,1.7695,0.40961,0.107
-1.6186,3.1356,0.066185,-1.588,3.6581,4.1359,0.693,0.95987,0.72496,0.61377,0.107
-1.4842,0.099779,1.3764,0.88761,-1.9244,4.3902,0.693,0.92498,0.83228,1.3244,0.107
-1.6186,2.8006,0.06621,-1.588,3.311,4.1359,0.693,0.95986,0.72496,0.61379,0.107
-1.024,-1.939,0.29202,-2.0297,3.8922,4.1308,0.693,1.0661,0.74488,0.6118,0.107
-1.6186,3.6861,0.066138,-1.588,4.0725,4.1359,0.693,0.95987,0.72495,0.61378,0.107
-1.6186,3.4563,0.066135,-1.588,3.9512,4.1359,0.693,0.95986,0.72496,0.61378,0.107
-1.6186,3.6916,0.066101,-1.588,4.0714,4.1359,0.693,0.95985,0.72496,0.61379,0.107
-1.6186,2.8255,0.066371,-1.588,3.3342,4.1359,0.693,0.95988,0.72497,0.61378,0.107
-1.2629,0.20992,-3.4991,2.872,-1.7651,4.4484,0.693,0.61534,0.90086,1.3688,0.107
-1.4503,1.069,-1.9213,-1.8044,-1.8973,3.966,0.693,0.57104,0.88149,1.0295,0.107
-0.52893,-2.8508,4.999,0.35157,-0.22922,5,0.693,1.8605,1.7695,0.40961,0.107
-1.6186,4.296,0.066107,-1.588,4.6465,4.1359,0.693,0.95987,0.72495,0.61378,0.107
-1.4636,-2.6635,-2.7668,4.3206,-1.9012,4.3809,0.693,0.5617,0.8945,1.2452,0.107
-1.5031,-3.3571,1.2029,-1.7783,-1.7586,3.9819,0.693,0.66069,0.81841,0.76438,0.107
-1.6486,-0.76585,0.078329,-1.5769,3.7754,4.1138,0.693,1.0056,0.68763,0.60346,0.107
-1.6186,3.6929,0.066134,-1.588,4.1336,4.1359,0.693,0.95987,0.72495,0.61378,0.107
-1.6186,2.8538,0.066256,-1.588,3.3645,4.1359,0.693,0.95987,0.72496,0.61378,0.107
-1.6186,2.9272,0.06631,-1.588,3.4089,4.1359,0.693,0.95987,0.72496,0.61378,0.107
-1.6186,2.805,0.066314,-1.588,3.3144,4.1359,0.693,0.95987,0.72496,0.61379,0.107
-1.6186,3.7197,0.066146,-1.588,4.0769,4.1359,0.693,0.95987,0.72495,0.61378,0.107
-1.5034,-3.3512,1.6386,-1.7779,-1.7585,3.982,0.693,0.66117,0.81843,0.76365,0.107
-1.6186,3.7692,0.066127,-1.588,4.298,4.1359,0.693,0.95987,0.72495,0.61378,0.107
-1.5033,-3.3507,1.7256,-1.778,-1.7584,3.9821,0.693,0.66106,0.81832,0.76384,0.107
-1.5233,-4.8805,-2.034,-1.8309,-1.6741,3.9412,0.693,0.53688,0.83286,0.82537,0.107
-1.5638,-3.2215,3.3408,3.7118,-1.8989,4.355,0.693,0.93845,0.83832,1.1067,0.107
-1.5638,-3.2213,3.3493,3.7151,-1.8989,4.355,0.693,0.93844,0.83832,1.1067,0.107
-1.024,-1.9391,0.29195,-2.0297,4.1977,4.1308,0.693,1.0661,0.74488,0.6118,0.107
-1.6186,3.4071,0.066149,-1.588,3.9341,4.1359,0.693,0.95986,0.72496,0.61378,0.107
-1.6186,2.5567,0.0666,-1.588,3.1053,4.1359,0.693,0.95981,0.72502,0.61377,0.107
-1.5691,-4.9792,-2.2097,-1.7859,2.7724,4.1977,0.693,0.6151,0.84818,0.52803,0.107
-1.6186,3.4013,0.066211,-1.588,3.6785,4.1359,0.693,0.95985,0.72496,0.61379,0.107
-1.6186,3.385,0.066167,-1.588,3.823,4.1359,0.693,0.95987,0.72495,0.61378,0.107
-1.2629,0.20984,-3.4995,3.0212,-1.765,4.4485,0.693,0.61534,0.90085,1.3688,0.107
-1.5691,-4.9893,-2.2097,-1.7859,2.7928,4.1977,0.693,0.61462,0.84781,0.52778,0.107
-1.6186,2.7936,0.066297,-1.588,3.303,4.1359,0.693,0.95986,0.72496,0.61378,0.107
-1.5168,1.4332,-4.73,-2.0116,2.7604,4.2327,0.693,1.3429,0.8361,0.7653,0.107
-1.6486,-0.76587,0.078274,-1.5769,4.5424,4.1137,0.693,1.0056,0.68762,0.60346,0.107
-1.5234,-4.9999,-2.0346,-1.8308,-1.6738,3.9412,0.693,0.53679,0.83282,0.82507,0.107
-1.5638,-3.2209,2.8295,3.3235,-1.8989,4.355,0.693,0.93846,0.83833,1.1067,0.107
-1.6186,3.8729,0.066118,-1.588,4.3105,4.1359,0.693,0.95986,0.72495,0.61378,0.107
-1.5687,-4.7668,-2.2081,-1.7862,3.9158,4.1979,0.693,0.61503,0.84774,0.52781,0.107
-1.6186,3.9032,0.066126,-1.588,4.1737,4.1359,0.693,0.95986,0.72495,0.61378,0.107
-1.6486,-0.76587,0.078313,-1.5769,3.7815,4.1138,0.693,1.0056,0.68763,0.60345,0.107
-1.5034,-3.3502,1.841,-1.7779,-1.7584,3.982,0.693,0.66113,0.8184,0.76366,0.107
-1.6486,-0.76586,0.078316,-1.5769,3.9325,4.1137,0.693,1.0057,0.68763,0.60345,0.107
-1.6486,-0.76582,0.078387,-1.5769,3.5403,4.1137,0.693,1.0056,0.68764,0.60347,0.107
-1.6186,3.8431,0.066129,-1.588,4.2872,4.1359,0.693,0.95986,0.72495,0.61378,0.107
-1.6186,3.8926,0.066101,-1.588,4.273,4.1359,0.693,0.95987,0.72495,0.61378,0.107
-1.5686,-4.6625,-2.2069,-1.7865,2.5065,4.1979,0.693,0.61568,0.84803,0.52795,0.107
-1.6486,-0.76584,0.078338,-1.5769,3.8035,4.1138,0.693,1.0056,0.68763,0.60346,0.107
-1.569,-4.9363,-2.2095,-1.786,2.8241,4.1977,0.693,0.61471,0.84787,0.52769,0.107
-1.6186,3.7976,0.066121,-1.588,4.2254,4.1359,0.693,0.95987,0.72496,0.61378,0.107
-1.6186,3.2088,0.06617,-1.588,3.7848,4.1359,0.693,0.95985,0.72496,0.61379,0.107
-1.6486,-0.76587,0.078272,-1.5769,4.4734,4.1137,0.693,1.0056,0.68763,0.60346,0.107
-1.569,-4.9833,-2.2098,-1.786,2.8225,4.1977,0.693,0.61475,0.84803,0.52724,0.107
-1.6186,3.4633,0.066145,-1.588,3.8871,4.1359,0.693,0.95985,0.72495,0.61379,0.107
-1.5691,-4.9877,-2.2097,-1.7859,4.1333,4.1977,0.693,0.61463,0.84766,0.52799,0.107
-1.6186,3.4614,0.066152,-1.588,3.8421,4.1359,0.693,0.95985,0.72496,0.6138,0.107
-1.6186,3.1264,0.066192,-1.588,3.6386,4.1359,0.693,0.95986,0.72496,0.61378,0.107
-1.6486,-0.76585,0.078334,-1.5769,3.9372,4.1137,0.693,1.0057,0.68763,0.60345,0.107
-1.4843,0.09978,1.4078,0.88762,-1.9242,4.3902,0.693,0.92482,0.8321,1.3249,0.107
-1.6486,-0.7659,0.078231,-1.5769,4.4899,4.1138,0.693,1.0056,0.68763,0.60346,0.107
-1.6186,2.7801,0.066174,-1.588,3.2609,4.136,0.693,0.95984,0.72499,0.61379,0.107
-1.569,-4.9835,-2.2098,-1.7859,3.9003,4.1977,0.693,0.61478,0.84793,0.52738,0.107
-1.6186,4.203,0.066095,-1.588,4.5096,4.1359,0.693,0.95985,0.72496,0.61379,0.107
-1.6186,4.0648,0.066127,-1.588,4.1442,4.1359,0.693,0.95986,0.72495,0.61378,0.107
-1.5688,-4.7853,-2.2083,-1.7862,2.631,4.1979,0.693,0.61504,0.84786,0.52775,0.107
-1.6186,3.0339,0.06622,-1.588,3.547,4.1359,0.693,0.95988,0.72496,0.61377,0.107
-1.6186,4.1861,0.066086,-1.588,4.5284,4.1359,0.693,0.95986,0.72496,0.61378,0.107
-1.6186,3.2221,0.066174,-1.588,3.7137,4.1359,0.693,0.95986,0.72496,0.61378,0.107
-2.8055,0.49463,-5,1.0114,-1.4476,4.3898,0.693,0.58495,0.96327,1.3995,0.107
-1.6186,3.9673,0.066105,-1.588,4.172,4.1359,0.693,0.95986,0.72496,0.61378,0.107
-1.6185,2.3242,0.065511,-1.588,2.8926,4.1361,0.693,0.95978,0.72533,0.61351,0.107
-1.6186,3.0917,0.066246,-1.588,3.6154,4.1359,0.693,0.95988,0.72495,0.61378,0.107
-1.4503,1.1556,-1.9214,-1.8042,-1.8975,3.966,0.693,0.57104,0.88161,1.0293,0.107
-1.6186,2.7083,0.066334,-1.588,3.1046,4.1359,0.693,0.95985,0.72498,0.61378,0.107
-1.6186,3.876,0.066115,-1.588,4.2235,4.1359,0.693,0.95986,0.72495,0.61378,0.107
-1.6186,3.0576,0.066232,-1.588,3.5524,4.1359,0.693,0.95987,0.72496,0.61378,0.107
-1.5691,-4.8598,-2.2088,-1.786,2.4421,4.1976,0.693,0.61611,0.84898,0.52916,0.107
-1.6186,3.1728,0.066223,-1.588,3.6962,4.1359,0.693,0.95988,0.72495,0.61378,0.107
-1.6186,4.2002,0.066099,-1.588,4.5136,4.1359,0.693,0.95986,0.72495,0.61378,0.107
-1.6186,3.9954,0.066105,-1.588,4.2734,4.1359,0.693,0.95986,0.72496,0.61378,0.107
-1.6186,4.0354,0.066116,-1.588,4.4329,4.1359,0.693,0.95987,0.72495,0.61378,0.107
-1.5169,3.3836,-4.9256,-2.0113,3.2863,4.2327,0.693,1.3435,0.83821,0.76588,0.107
-1.6186,2.7906,0.066353,-1.588,3.3023,4.1359,0.693,0.95987,0.72496,0.61378,0.107
-1.6186,2.8623,0.066315,-1.588,3.3687,4.1359,0.693,0.95988,0.72495,0.61378,0.107
-1.6186,4.2063,0.066135,-1.588,4.6417,4.1359,0.693,0.95986,0.72495,0.61379,0.107
-1.5231,-4.7429,-2.0334,-1.831,-1.6747,3.9412,0.693,0.53673,0.8327,0.82528,0.107
-1.6186,3.0669,0.066209,-1.588,3.5869,4.1359,0.693,0.95985,0.72496,0.61379,0.107
-1.6186,4.0184,0.066127,-1.588,4.2265,4.1359,0.693,0.95986,0.72495,0.61378,0.107
-1.569,-4.9413,-2.2095,-1.786,2.7884,4.1977,0.693,0.61484,0.848,0.52737,0.107
-1.6186,4.0585,0.06612,-1.588,4.1422,4.1359,0.693,0.95987,0.72495,0.61378,0.107
-1.6186,3.3946,0.06614,-1.588,3.8936,4.1359,0.693,0.95987,0.72496,0.61378,0.107
-1.6186,3.932,0.066131,-1.588,4.2329,4.1359,0.693,0.95986,0.72495,0.61379,0.107
-1.6186,3.1933,0.066177,-1.588,3.5524,4.1359,0.693,0.95986,0.72496,0.61378,0.107
-1.6186,3.8713,0.066094,-1.588,4.2457,4.1359,0.693,0.95986,0.72496,0.61378,0.107
-1.6187,2.1355,0.067037,-1.5879,3.6984,4.1358,0.693,0.9601,0.72497,0.61354,0.107
-1.6186,3.0399,0.066214,-1.588,3.5629,4.1359,0.693,0.95987,0.72496,0.61378,0.107
-1.4947,-4.3224,2.6923,-1.7779,-1.7799,3.9789,0.693,0.65799,0.81548,0.77101,0.107
-1.6186,3.2016,0.066165,-1.588,3.7053,4.1359,0.693,0.95987,0.72496,0.61378,0.107
-1.6186,3.2328,0.066176,-1.588,3.6962,4.1359,0.693,0.95988,0.72495,0.61377,0.107
-1.6186,3.8535,0.066194,-1.588,4.2403,4.1359,0.693,0.95987,0.72495,0.61379,0.107
-1.6186,2.8265,0.066211,-1.588,3.3474,4.1359,0.693,0.95985,0.72497,0.61378,0.107
-0.52893,-2.8508,4.9732,0.35157,-0.22922,5,0.693,1.8605,1.7695,0.40961,0.107
-1.4885,2.9336,1.5099,0.47144,-1.9404,4.3394,0.693,0.93861,0.84093,1.3227,0.107
-1.6186,3.3747,0.06618,-1.588,3.8318,4.1359,0.693,0.95987,0.72495,0.61378,0.107
-1.6186,4.3412,0.066196,-1.588,4.5455,4.1359,0.693,0.95988,0.72493,0.61378,0.107
-1.5032,-3.3559,4.1906,-1.7779,-1.7586,3.982,0.693,0.66101,0.81833,0.76379,0.107
-1.6486,-0.76589,0.078314,-1.5769,3.8053,4.1138,0.693,1.0056,0.68763,0.60346,0.107
-1.4843,0.099778,1.4364,0.88764,-1.9243,4.3902,0.693,0.92481,0.83212,1.3246,0.107
-1.6186,3.0905,0.066182,-1.588,3.6131,4.1359,0.693,0.95985,0.72496,0.61379,0.107
-1.6184,3.269,0.066673,-1.5882,2.5913,4.1359,0.693,0.95966,0.72513,0.61383,0.107
-1.6186,3.2271,0.066182,-1.588,3.7047,4.1359,0.693,0.95987,0.72495,0.61378,0.107
-1.5233,-4.8685,-2.034,-1.8309,-1.6742,3.9412,0.693,0.53676,0.83279,0.82502,0.107
-1.6186,3.072,0.066214,-1.588,3.5975,4.1359,0.693,0.95986,0.72496,0.61378,0.107
-1.6186,3.0283,0.066204,-1.588,3.5429,4.1359,0.693,0.95987,0.72496,0.61378,0.107
-1.6486,-0.76585,0.078387,-1.5769,4.4853,4.1137,0.693,1.0057,0.68759,0.60346,0.107
-1.6186,2.799,0.066314,-1.588,3.3109,4.1359,0.693,0.95988,0.72495,0.61378,0.107
-1.6186,3.242,0.066106,-1.588,3.8213,4.1359,0.693,0.95985,0.72496,0.61379,0.107
-1.6186,3.193,0.066244,-1.588,3.6785,4.1359,0.693,0.95987,0.72495,0.61379,0.107
-1.6186,3.3929,0.066236,-1.588,3.919,4.1359,0.693,0.95988,0.72494,0.61378,0.107
-1.6186,2.7865,0.066153,-1.588,3.2983,4.136,0.693,0.95985,0.72499,0.61377,0.107
-1.4636,-2.6633,-2.7667,3.9539,-1.9012,4.3809,0.693,0.56172,0.89447,1.2452,0.107
-1.6186,3.1856,0.066227,-1.588,3.7307,4.1359,0.693,0.95986,0.72495,0.61379,0.107
-1.024,-1.9391,0.29206,-2.0297,4.2708,4.1308,0.693,1.0661,0.74488,0.6118,0.107
-1.5032,-3.3564,4.1115,-1.7779,-1.7587,3.982,0.693,0.66101,0.81832,0.76379,0.107
-1.024,-1.9391,0.29197,-2.0297,4.4264,4.1308,0.693,1.0661,0.74488,0.6118,0.107
-1.6186,3.1901,0.066226,-1.588,3.5395,4.1359,0.693,0.95987,0.72496,0.61378,0.107
-1.6186,3.1569,0.06621,-1.588,3.8069,4.1359,0.693,0.95987,0.72495,0.61379,0.107
-1.5638,-3.2212,3.3549,3.7189,-1.8989,4.355,0.693,0.93845,0.83832,1.1067,0.107
-1.4842,0.099374,2.2352,0.88974,-1.9242,4.3903,0.693,0.92476,0.83216,1.3244,0.107
-1.569,-4.9712,-2.2097,-1.786,2.8515,4.1977,0.693,0.6148,0.84799,0.52736,0.107
-1.6186,3.2023,0.066167,-1.588,3.7505,4.1359,0.693,0.95987,0.72496,0.61378,0.107
-1.6486,-0.76582,0.078318,-1.5769,3.804,4.1138,0.693,1.0056,0.68763,0.60345,0.107
-1.569,-4.9409,-2.2094,-1.786,2.6342,4.1977,0.693,0.61476,0.84776,0.52794,0.107
-1.6186,3.0948,0.066218,-1.588,3.5963,4.1359,0.693,0.95988,0.72495,0.61378,0.107
-1.569,-4.9389,-2.2095,-1.786,2.7926,4.1977,0.693,0.61485,0.84798,0.52739,0.107
-1.4635,-2.6635,-2.7668,4.3231,-1.9012,4.3809,0.693,0.5617,0.8945,1.2452,0.107
-1.6186,4.1993,0.066115,-1.588,4.5011,4.1359,0.693,0.95986,0.72495,0.61378,0.107
-1.6186,4.6459,0.066111,-1.588,4.8457,4.1359,0.693,0.95988,0.72495,0.61378,0.107
-1.6186,3.8376,0.066186,-1.588,4.1776,4.1359,0.693,0.95989,0.72494,0.61377,0.107
-1.569,-4.9892,-2.2098,-1.7859,2.6532,4.1977,0.693,0.61481,0.84802,0.52734,0.107
-1.6187,2.1532,0.067033,-1.5879,3.0805,4.1358,0.693,0.96003,0.72491,0.61369,0.107
-1.6186,3.1114,0.066199,-1.588,3.6385,4.1359,0.693,0.95987,0.72496,0.61378,0.107
-1.6186,4.2983,0.066113,-1.588,4.6438,4.1359,0.693,0.95987,0.72495,0.61378,0.107
-1.6186,3.1005,0.066192,-1.588,3.6219,4.1359,0.693,0.95987,0.72496,0.61378,0.107
-1.5638,-3.2209,2.8297,3.3229,-1.8989,4.355,0.693,0.93844,0.83831,1.1067,0.107
-1.6486,-0.76582,0.078424,-1.5769,3.5449,4.1137,0.693,1.0056,0.68763,0.60347,0.107
-1.2628,0.20919,-3.4996,4.8166,-1.765,4.4486,0.693,0.61524,0.90093,1.3688,0.107
-1.6186,3.7684,0.066132,-1.588,4.2538,4.1359,0.693,0.95987,0.72495,0.61378,0.107
-1.6186,3.2502,0.066188,-1.588,3.7178,4.1359,0.693,0.95987,0.72495,0.61378,0.107
-1.5032,-3.3564,4.6253,-1.7779,-1.7587,3.982,0.693,0.66101,0.81832,0.76379,0.107
-1.5032,-3.3525,1.4776,-1.7781,-1.7584,3.982,0.693,0.6609,0.81839,0.76401,0.107
-1.2629,0.20934,-3.4995,3.4498,-1.765,4.4485,0.693,0.61527,0.90091,1.3688,0.107
-1.6186,3.7412,0.066134,-1.588,4.168,4.1359,0.693,0.95986,0.72495,0.61379,0.107
-1.6186,3.4318,0.066147,-1.588,3.9272,4.1359,0.693,0.95986,0.72495,0.61378,0.107
-1.6186,2.596,0.06644,-1.588,3.043,4.1359,0.693,0.95987,0.72497,0.61378,0.107
-1.6186,4.02,0.066129,-1.588,4.1689,4.1359,0.693,0.95987,0.72495,0.61378,0.107
-1.6186,3.528,0.066084,-1.588,3.7826,4.1359,0.693,0.95985,0.72497,0.61378,0.107
-1.6486,-0.76588,0.078259,-1.5769,4.339,4.1138,0.693,1.0056,0.68764,0.60346,0.107
-1.6186,3.4844,0.066173,-1.588,3.8923,4.1359,0.693,0.95986,0.72495,0.61378,0.107
-1.6186,2.8126,0.066348,-1.588,3.3277,4.1359,0.693,0.95988,0.72495,0.61378,0.107
-1.2629,0.20951,-3.4995,2.981,-1.765,4.4485,0.693,0.6153,0.90089,1.3688,0.107
-1.6187,2.1527,0.066228,-1.5878,3.4182,4.136,0.693,0.96001,0.72489,0.61371,0.107
-1.6186,3.2299,0.066172,-1.588,3.7342,4.1359,0.693,0.95988,0.72495,0.61378,0.107
-1.6186,2.8185,0.066383,-1.588,3.2373,4.1359,0.693,0.95989,0.72495,0.61378,0.107
-1.6186,3.2563,0.066072,-1.588,3.8936,4.1359,0.693,0.95984,0.72497,0.61379,0.107
-1.6186,3.3377,0.066161,-1.588,3.876,4.1359,0.693,0.95986,0.72496,0.61379,0.107
-1.6186,3.8395,0.066186,-1.588,4.3102,4.1359,0.693,0.95988,0.72494,0.61378,0.107
-1.024,-1.939,0.29215,-2.0297,3.8092,4.1308,0.693,1.0661,0.74487,0.61179,0.107
-1.6186,2.8619,0.066435,-1.588,3.3655,4.1359,0.693,0.95989,0.72496,0.61376,0.107
-1.5638,-3.2211,3.3669,3.8501,-1.8989,4.355,0.693,0.93845,0.8383,1.1067,0.107
-1.024,-1.939,0.29205,-2.0297,3.8552,4.1308,0.693,1.0661,0.74488,0.6118,0.107
-1.6186,3.2914,0.066164,-1.588,3.7675,4.1359,0.693,0.95986,0.72495,0.61378,0.107
-1.6186,3.8466,0.066133,-1.588,4.259,4.1359,0.693,0.95986,0.72495,0.61378,0.107
-1.6186,2.8268,0.066309,-1.588,3.3344,4.1359,0.693,0.95986,0.72496,0.61379,0.107
-1.6186,3.1881,0.066177,-1.588,3.693,4.1359,0.693,0.95987,0.72495,0.61378,0.107
-1.6186,3.8708,0.066116,-1.588,4.2322,4.1359,0.693,0.95986,0.72495,0.61379,0.107
-1.6186,3.1591,0.066141,-1.588,3.6798,4.1359,0.693,0.95985,0.72497,0.61379,0.107
-1.6186,2.8189,0.066248,-1.588,3.3275,4.1359,0.693,0.95986,0.72497,0.61379,0.107
-1.6186,3.0239,0.06618,-1.588,3.5445,4.1359,0.693,0.95986,0.72496,0.61378,0.107
-1.6186,3.4582,0.066208,-1.588,3.8661,4.1359,0.693,0.95987,0.72495,0.61378,0.107
-1.6186,3.7564,0.066092,-1.588,4.1778,4.1359,0.693,0.95984,0.72496,0.61379,0.107
-1.6186,3.1884,0.066176,-1.588,3.8342,4.1359,0.693,0.95987,0.72495,0.61378,0.107
-1.6186,3.1173,0.066249,-1.588,3.6322,4.1359,0.693,0.95988,0.72495,0.61378,0.107
-1.6186,4.1766,0.066117,-1.588,4.6112,4.1359,0.693,0.95987,0.72495,0.61378,0.107
-1.6186,2.819,0.066303,-1.588,3.3279,4.1359,0.693,0.95987,0.72496,0.61378,0.107
-1.4382,1.194,1.7521,-1.8175,-1.8595,4.006,0.693,0.70131,0.89241,0.95526,0.107
-1.483,0.061251,2.3773,1.6428,-1.9252,4.3914,0.693,0.92598,0.83023,1.3256,0.107
-1.6186,3.1542,0.066176,-1.588,3.7029,4.1359,0.693,0.95987,0.72496,0.61378,0.107
-1.6185,2.1616,0.065748,-1.5882,3.5753,4.1359,0.693,0.95979,0.72499,0.61384,0.107
-1.6186,4.2487,0.06611,-1.588,4.6053,4.1359,0.693,0.95987,0.72495,0.61378,0.107
-1.4843,0.099779,1.6378,0.88769,-1.9242,4.3902,0.693,0.9248,0.83211,1.3246,0.107
-1.4504,3.9239,-1.9216,-1.8041,-1.8975,3.966,0.693,0.57094,0.88146,1.0295,0.107
-2.8055,0.49463,-5,1.0114,-1.4476,4.3898,0.693,0.58495,0.96327,1.3995,0.107
-1.5638,-3.2212,3.3394,3.7113,-1.8989,4.355,0.693,0.93844,0.83832,1.1067,0.107
-1.6186,3.0922,0.066201,-1.588,3.6146,4.1359,0.693,0.95987,0.72496,0.61378,0.107
-1.4887,1.5745,1.5249,0.4796,-1.9395,4.3407,0.693,0.93702,0.84105,1.3237,0.107
-1.6186,3.2296,0.066209,-1.588,3.722,4.1359,0.693,0.95988,0.72494,0.61378,0.107
-1.6486,-0.76592,0.078258,-1.5769,3.7998,4.1138,0.693,1.0056,0.68763,0.60345,0.107
-1.5638,-3.2214,3.8969,4.2202,-1.8989,4.355,0.693,0.93845,0.83832,1.1067,0.107
-1.569,-4.9373,-2.2094,-1.786,2.8061,4.1977,0.693,0.61474,0.84778,0.5278,0.107
-1.4503,3.7738,-1.9215,-1.8041,-1.8974,3.966,0.693,0.57092,0.8814,1.0296,0.107
-1.6186,2.8069,0.066343,-1.588,3.3164,4.1359,0.693,0.95987,0.72496,0.61378,0.107
-1.6186,3.355,0.066156,-1.588,3.963,4.1359,0.693,0.95987,0.72495,0.61378,0.107
-1.6186,2.8202,0.066209,-1.588,3.3281,4.1359,0.693,0.95985,0.72497,0.61379,0.107
-1.6186,3.2011,0.06617,-1.588,3.6975,4.1359,0.693,0.95986,0.72496,0.61378,0.107
-1.6186,2.828,0.066314,-1.588,3.3317,4.1359,0.693,0.95987,0.72496,0.61378,0.107
-1.5032,-3.3548,2.079,-1.7779,-1.7586,3.982,0.693,0.66103,0.81834,0.7638,0.107
-1.5687,-4.7892,-2.2084,-1.7863,2.6463,4.1979,0.693,0.61517,0.84811,0.52716,0.107
-1.6186,4.3946,0.06611,-1.588,4.611,4.1359,0.693,0.95987,0.72495,0.61378,0.107
-1.6186,3.4568,0.066182,-1.588,3.9506,4.1359,0.693,0.95986,0.72494,0.61379,0.107
-1.6186,4.0624,0.066131,-1.588,4.1607,4.1359,0.693,0.95986,0.72495,0.61378,0.107
-1.6186,2.6688,0.066316,-1.588,3.3502,4.1359,0.693,0.95987,0.72494,0.6138,0.107
-1.5032,-3.3549,2.2443,-1.7779,-1.7586,3.982,0.693,0.66103,0.81833,0.76379,0.107
-1.6186,3.6823,0.066103,-1.588,4.0781,4.1359,0.693,0.95986,0.72496,0.61378,0.107
-1.6186,2.7195,0.066241,-1.588,3.2357,4.1359,0.693,0.95986,0.72497,0.61378,0.107
-1.6186,3.2708,0.066254,-1.588,3.8964,4.1359,0.693,0.9599,0.72494,0.61377,0.107
-1.6186,3.2256,0.066231,-1.588,3.8161,4.1359,0.693,0.95987,0.72495,0.61379,0.107
-1.5168,1.2708,-4.714,-2.0116,4.9159,4.2327,0.693,1.3428,0.83586,0.76523,0.107
-1.6486,-0.76586,0.07832,-1.5769,3.8023,4.1138,0.693,1.0057,0.68762,0.60345,0.107
-1.569,-4.9817,-2.2098,-1.786,2.7228,4.1977,0.693,0.61481,0.84797,0.52741,0.107
-1.6186,3.1302,0.066121,-1.588,3.6537,4.1359,0.693,0.95985,0.72497,0.61379,0.107
-1.6486,-0.76584,0.07848,-1.5769,3.5338,4.1137,0.693,1.0056,0.68763,0.60348,0.107
-1.6186,3.1757,0.066246,-1.588,3.5235,4.1359,0.693,0.95987,0.72496,0.61378,0.107
-1.5032,-3.3564,4.9445,-1.7779,-1.7586,3.982,0.693,0.66101,0.81832,0.76379,0.107
-1.6186,3.166,0.066163,-1.588,3.7004,4.1359,0.693,0.95987,0.72496,0.61378,0.107
-1.6186,3.8092,0.066152,-1.588,4.24,4.1359,0.693,0.95986,0.72495,0.61379,0.107
-1.489,2.1339,2.7178,0.47349,-1.9394,4.3399,0.693,0.93842,0.84053,1.3265,0.107
-1.6186,3.1993,0.066167,-1.588,3.6978,4.1359,0.693,0.95986,0.72496,0.61379,0.107
-1.6186,3.9143,0.066126,-1.588,4.3185,4.1359,0.693,0.95986,0.72495,0.61378,0.107
-1.5685,-4.624,-2.2062,-1.7865,4.6773,4.1981,0.693,0.61529,0.84712,0.52912,0.107
-1.6186,3.104,0.066211,-1.588,3.6203,4.1359,0.693,0.95986,0.72496,0.61378,0.107
-1.6186,2.8271,0.066215,-1.588,3.3352,4.1359,0.693,0.95985,0.72497,0.61378,0.107
-1.5638,-3.2213,3.4284,3.9635,-1.8989,4.355,0.693,0.93844,0.83832,1.1067,0.107
-1.6186,3.5314,0.066134,-1.588,3.7592,4.1359,0.693,0.95986,0.72496,0.61378,0.107
-1.4636,-2.6635,-2.7668,3.996,-1.9012,4.3809,0.693,0.56171,0.89449,1.2452,0.107
-1.6186,3.2215,0.066184,-1.588,3.704,4.1359,0.693,0.95986,0.72496,0.61379,0.107
-1.5638,-3.221,3.3464,3.7143,-1.8989,4.355,0.693,0.93844,0.83832,1.1067,0.107
-1.6186,3.1889,0.066155,-1.588,3.6955,4.1359,0.693,0.95986,0.72496,0.61379,0.107
-1.6186,3.2519,0.066129,-1.588,3.6431,4.1359,0.693,0.95985,0.72497,0.61378,0.107
-1.6186,3.1322,0.06618,-1.588,3.6812,4.1359,0.693,0.95987,0.72495,0.61379,0.107
-1.6186,3.228,0.066175,-1.588,3.7001,4.1359,0.693,0.95985,0.72496,0.61379,0.107
-1.6186,3.5022,0.066147,-1.588,3.7115,4.1359,0.693,0.95986,0.72496,0.61378,0.107
-0.52893,-2.8508,4.999,0.35157,-0.22922,5,0.693,1.8605,1.7695,0.40961,0.107
-1.6186,2.828,0.066459,-1.588,3.1493,4.1359,0.693,0.95985,0.72496,0.6138,0.107
-1.4885,2.8131,1.8821,0.47158,-1.9402,4.3395,0.693,0.93918,0.84107,1.3237,0.107
-1.6186,2.8168,0.066264,-1.588,3.3277,4.1359,0.693,0.95986,0.72497,0.61378,0.107
-1.6186,3.2422,0.066107,-1.588,3.8813,4.1359,0.693,0.95985,0.72496,0.61379,0.107
-1.6186,3.2165,0.066178,-1.588,3.8741,4.1359,0.693,0.95987,0.72495,0.61379,0.107
-1.5032,-3.3538,3.1744,-1.7779,-1.7585,3.982,0.693,0.66104,0.81834,0.76374,0.107
-1.5688,-4.8043,-2.2085,-1.7862,2.6614,4.1978,0.693,0.61537,0.84813,0.52801,0.107
-1.5032,-3.3563,1.8007,-1.7779,-1.7587,3.982,0.693,0.66106,0.81836,0.76379,0.107
-1.5638,-3.2213,3.3395,3.7113,-1.8989,4.355,0.693,0.93844,0.83833,1.1067,0.107
-1.6186,3.1926,0.066131,-1.588,3.6991,4.1359,0.693,0.95985,0.72497,0.61379,0.107
-1.5638,-3.2213,3.3407,3.7116,-1.8989,4.355,0.693,0.93847,0.8383,1.1067,0.107
-1.6186,3.7501,0.066063,-1.588,4.1743,4.1359,0.693,0.95985,0.72497,0.61379,0.107
-1.6186,3.0079,0.066255,-1.588,3.5328,4.1359,0.693,0.95988,0.72495,0.61378,0.107
-1.6186,2.8032,0.066054,-1.588,3.3136,4.136,0.693,0.95984,0.72505,0.61372,0.107
-1.6186,2.6068,0.066387,-1.588,3.128,4.1359,0.693,0.95988,0.72497,0.61377,0.107
-1.5693,-4.9237,-2.2093,-1.7858,2.4759,4.1978,0.693,0.61631,0.84923,0.52953,0.107
-1.6186,3.6824,0.066149,-1.588,4.0902,4.1359,0.693,0.95988,0.72495,0.61378,0.107
-1.5688,-4.8028,-2.2085,-1.7862,2.6383,4.1978,0.693,0.61522,0.8482,0.52729,0.107
-1.6186,3.1604,0.066181,-1.588,3.6926,4.1359,0.693,0.95987,0.72496,0.61378,0.107
-1.6186,3.2745,0.066177,-1.588,3.7581,4.1359,0.693,0.95986,0.72496,0.61378,0.107
-1.6486,-0.76587,0.078323,-1.5769,3.7998,4.1138,0.693,1.0056,0.68763,0.60347,0.107
-1.5691,-4.9498,-2.2093,-1.7859,2.5286,4.1977,0.693,0.61433,0.84751,0.52856,0.107
-1.4883,2.7321,1.389,0.47166,-1.9405,4.3394,0.693,0.93935,0.84169,1.3231,0.107
-1.5233,-4.8843,-2.0341,-1.8309,-1.6741,3.9412,0.693,0.53674,0.83274,0.82528,0.107
-1.6186,3.6984,0.066135,-1.588,4.0655,4.1359,0.693,0.95987,0.72496,0.61378,0.107
-1.4504,4.3711,-1.9216,-1.8041,-1.8975,3.966,0.693,0.57094,0.88146,1.0295,0.107
-1.6186,3.7128,0.066135,-1.588,4.0731,4.1359,0.693,0.95986,0.72495,0.61378,0.107
-1.6186,4.1975,0.06611,-1.588,4.5065,4.1359,0.693,0.95986,0.72495,0.61378,0.107
-1.5234,-4.9003,-2.0341,-1.8308,-1.6741,3.9412,0.693,0.53686,0.8329,0.82504,0.107
-1.6186,2.8425,0.066204,-1.588,3.3472,4.1359,0.693,0.95985,0.72497,0.61379,0.107
-1.6186,3.8148,0.066149,-1.588,4.2369,4.1359,0.693,0.95987,0.72495,0.61378,0.107
-1.6186,2.1912,0.066934,-1.5881,2.7762,4.1359,0.693,0.95958,0.72509,0.61395,0.107
-1.6186,3.4049,0.066146,-1.588,3.8361,4.1359,0.693,0.95985,0.72496,0.6138,0.107
-1.6186,2.7992,0.066279,-1.588,3.3065,4.1359,0.693,0.95987,0.72496,0.61378,0.107
-1.6486,-0.76598,0.078245,-1.5769,3.8104,4.1138,0.693,1.0056,0.68763,0.60347,0.107
-1.4504,2.5808,-1.9216,-1.8041,-1.8975,3.966,0.693,0.57094,0.88146,1.0295,0.107
-1.6186,3.6759,0.066109,-1.588,4.1015,4.1359,0.693,0.95986,0.72496,0.61378,0.107
-1.6186,3.6845,0.066156,-1.588,4.0779,4.1359,0.693,0.95986,0.72495,0.61379,0.107
-1.5691,-4.9932,-2.2098,-1.7859,4.196,4.1977,0.693,0.61468,0.84784,0.52758,0.107
-1.5691,-4.9879,-2.2097,-1.7859,2.8829,4.1977,0.693,0.61472,0.84776,0.52798,0.107
-1.4382,0.87187,1.4055,-1.8176,-1.8596,4.006,0.693,0.70153,0.8925,0.95502,0.107
-1.6186,3.7703,0.06611,-1.588,4.1913,4.1359,0.693,0.95986,0.72496,0.61378,0.107
-1.6486,-0.76587,0.078221,-1.5769,4.5447,4.1138,0.693,1.0056,0.68763,0.60347,0.107
-1.6186,2.7912,0.066353,-1.588,3.3028,4.1359,0.693,0.95987,0.72496,0.61378,0.107
-1.6186,2.7879,0.066348,-1.588,3.2994,4.1359,0.693,0.95987,0.72496,0.61378,0.107
-1.6186,3.0147,0.066219,-1.588,3.5332,4.1359,0.693,0.95986,0.72496,0.61379,0.107
-1.6186,3.2101,0.066152,-1.588,3.7282,4.1359,0.693,0.95985,0.72496,0.61379,0.107
-1.6186,2.7994,0.066213,-1.588,3.3093,4.1359,0.693,0.95985,0.72498,0.61379,0.107
-1.6186,3.4677,0.066138,-1.588,3.9606,4.1359,0.693,0.95987,0.72496,0.61378,0.107
-1.6486,-0.76589,0.078238,-1.5769,4.4843,4.1138,0.693,1.0056,0.68763,0.60345,0.107
-1.6186,3.162,0.066167,-1.588,3.6948,4.1359,0.693,0.95987,0.72496,0.61378,0.107
-1.6184,2.3446,0.065545,-1.5883,3.166,4.1359,0.693,0.95974,0.7251,0.61377,0.107
-1.6185,2.726,0.066177,-1.5881,3.2319,4.1359,0.693,0.95983,0.72499,0.6138,0.107
-1.2629,0.20942,-3.4995,3.0562,-1.765,4.4485,0.693,0.6153,0.9009,1.3688,0.107
-1.4635,-2.6636,-2.7668,3.9989,-1.9012,4.3809,0.693,0.56171,0.89451,1.2451,0.107
-1.5033,-3.352,1.5366,-1.7779,-1.7586,3.982,0.693,0.66116,0.81843,0.76369,0.107
-1.4842,0.099487,1.7893,0.88899,-1.9242,4.3903,0.693,0.92475,0.8321,1.3244,0.107
-1.6186,3.7687,0.066051,-1.588,4.1831,4.1359,0.693,0.95985,0.72497,0.61378,0.107
-1.5691,-4.9826,-2.2097,-1.7859,4.9619,4.1977,0.693,0.61457,0.8477,0.52788,0.107
-1.6186,3.8456,0.066083,-1.588,4.2581,4.1359,0.693,0.95987,0.72495,0.61377,0.107
-1.5688,-4.8039,-2.2085,-1.7862,2.652,4.1979,0.693,0.61547,0.84826,0.52807,0.107
-1.5033,-3.3513,1.6359,-1.778,-1.7584,3.9821,0.693,0.66102,0.81828,0.76395,0.107
-1.6186,3.5124,0.066167,-1.588,3.7265,4.1359,0.693,0.95987,0.72496,0.61378,0.107
-1.6186,3.3769,0.066157,-1.588,3.8992,4.1359,0.693,0.95985,0.72495,0.61378,0.107
-1.569,-4.9203,-2.2093,-1.786,2.7088,4.1977,0.693,0.61477,0.8478,0.52778,0.107
-1.6186,2.7867,0.066231,-1.588,3.3023,4.1359,0.693,0.95985,0.72497,0.61379,0.107
-2.8055,0.49463,-5,1.0114,-1.4476,4.3898,0.693,0.58495,0.96327,1.3995,0.107
-1.6186,3.0131,0.066214,-1.588,3.5103,4.1359,0.693,0.95986,0.72496,0.61378,0.107
-1.6186,3.1947,0.066178,-1.588,3.7453,4.1359,0.693,0.95986,0.72496,0.61378,0.107
-1.6186,4.0288,0.066144,-1.588,4.268,4.1359,0.693,0.95987,0.72495,0.61378,0.107
-1.6186,3.3578,0.066145,-1.588,3.772,4.1359,0.693,0.95985,0.72495,0.61377,0.107
-1.6186,2.8796,0.066299,-1.588,3.3724,4.1359,0.693,0.95987,0.72495,0.61378,0.107
-1.6186,3.1901,0.066147,-1.588,3.751,4.1359,0.693,0.95985,0.72496,0.61379,0.107
-1.5688,-4.7973,-2.2085,-1.7862,2.6336,4.1978,0.693,0.6151,0.8481,0.52715,0.107
-1.6186,4.2017,0.066116,-1.588,4.5129,4.1359,0.693,0.95987,0.72495,0.61378,0.107
-1.6186,2.516,0.066372,-1.588,3.005,4.1359,0.693,0.95985,0.72499,0.61378,0.107
-1.6486,-0.76585,0.078319,-1.5769,3.9325,4.1138,0.693,1.0056,0.68763,0.60346,0.107
-1.6486,-0.7659,0.078207,-1.5769,4.4779,4.1138,0.693,1.0056,0.68763,0.60346,0.107
-1.4504,3.7209,-1.9216,-1.8041,-1.8975,3.966,0.693,0.57094,0.88146,1.0295,0.107
-1.6186,3.7602,0.066127,-1.588,4.178,4.1359,0.693,0.95987,0.72495,0.61378,0.107
-1.6186,3.0507,0.066196,-1.588,3.5716,4.1359,0.693,0.95987,0.72496,0.61378,0.107
-1.6186,4.0099,0.066124,-1.588,4.2402,4.1359,0.693,0.95986,0.72495,0.61378,0.107
-1.6185,2.5057,0.066413,-1.5881,3.0021,4.1359,0.693,0.95984,0.72499,0.61379,0.107
-1.4504,4.6424,-1.9216,-1.8041,-1.8975,3.966,0.693,0.57094,0.88146,1.0295,0.107
-1.569,-4.9954,-2.2098,-1.786,2.6747,4.1977,0.693,0.61434,0.8476,0.52713,0.107
-1.569,-4.9276,-2.2094,-1.786,2.8353,4.1977,0.693,0.61486,0.84794,0.52747,0.107
-1.5038,-3.3214,4.0296,-1.7782,-1.7563,3.9824,0.693,0.66109,0.81829,0.7637,0.107
-1.6187,2.1494,0.067011,-1.5879,3.4124,4.1358,0.693,0.96007,0.72484,0.61371,0.107
-1.6486,-0.76586,0.078305,-1.5769,3.9163,4.1138,0.693,1.0056,0.68763,0.60345,0.107
-1.6186,3.3815,0.066173,-1.588,3.786,4.1359,0.693,0.95986,0.72495,0.61379,0.107
-1.5688,-4.8029,-2.2084,-1.7862,2.6429,4.1979,0.693,0.615,0.84785,0.52774,0.107
-1.6186,4.3205,0.06611,-1.588,4.6588,4.1359,0.693,0.95987,0.72495,0.61378,0.107
-1.5638,-3.2213,3.3683,3.852,-1.8989,4.355,0.693,0.93844,0.83832,1.1067,0.107
-1.6186,3.2115,0.066184,-1.588,3.989,4.1359,0.693,0.95986,0.72495,0.61379,0.107
-1.2629,0.20989,-3.4995,2.963,-1.765,4.4484,0.693,0.61537,0.90084,1.3688,0.107
-1.024,-1.9391,0.29197,-2.0297,4.4287,4.1308,0.693,1.0661,0.74488,0.6118,0.107
-1.6186,2.8412,0.066305,-1.588,3.3068,4.1359,0.693,0.95986,0.72496,0.61378,0.107
-1.6186,2.8223,0.066203,-1.588,3.3371,4.1359,0.693,0.95986,0.72496,0.61379,0.107
-1.4504,4.6274,-1.9216,-1.8041,-1.8975,3.966,0.693,0.57094,0.88146,1.0295,0.107
-1.6186,2.799,0.066238,-1.588,3.3091,4.1359,0.693,0.95985,0.72497,0.61379,0.107
-1.6186,3.2325,0.066173,-1.588,3.7169,4.1359,0.693,0.95986,0.72496,0.61378,0.107
-1.6186,3.7818,0.066148,-1.588,4.1937,4.1359,0.693,0.95987,0.72495,0.61378,0.107
-1.6486,-0.76587,0.078284,-1.5769,4.505,4.1137,0.693,1.0056,0.68762,0.60346,0.107
-1.6186,3.7638,0.066067,-1.588,4.1827,4.1359,0.693,0.95986,0.72496,0.61378,0.107
-1.504,-3.3279,1.2262,-1.7777,-1.7574,3.9821,0.693,0.66163,0.81871,0.7631,0.107
-1.6186,3.7485,0.066135,-1.588,4.1085,4.1359,0.693,0.95987,0.72495,0.61378,0.107
-1.6186,3.2061,0.066189,-1.588,3.6954,4.1359,0.693,0.95987,0.72495,0.61378,0.107
-1.4382,2.075,3.4322,-1.8173,-1.8595,4.006,0.693,0.70119,0.89236,0.95536,0.107
-1.6186,3.198,0.066185,-1.588,3.8224,4.1359,0.693,0.95988,0.72495,0.61378,0.107
-1.5032,-3.3522,1.5117,-1.778,-1.7584,3.982,0.693,0.66096,0.81839,0.76395,0.107
-1.6186,3.2544,0.066163,-1.588,3.728,4.1359,0.693,0.95985,0.72496,0.61379,0.107
-1.438,1.0575,1.256,-1.818,-1.8595,4.006,0.693,0.70111,0.89196,0.95598,0.107
-1.6186,2.7209,0.066359,-1.588,3.2345,4.1359,0.693,0.95985,0.72496,0.61379,0.107
-1.6186,3.9545,0.066135,-1.588,4.244,4.1359,0.693,0.95987,0.72495,0.61378,0.107
-1.569,-4.9814,-2.2098,-1.786,2.9794,4.1977,0.693,0.61474,0.848,0.52725,0.107
-1.5691,-5,-2.2098,-1.7859,4.9634,4.1977,0.693,0.61469,0.84783,0.52757,0.107
-1.6186,3.7945,0.066146,-1.588,4.2021,4.1359,0.693,0.95987,0.72495,0.61378,0.107
-1.4885,2.2909,1.2663,0.47269,-1.9403,4.3397,0.693,0.93848,0.84076,1.3253,0.107
-1.6186,3.7171,0.066136,-1.588,4.0788,4.1359,0.693,0.95987,0.72495,0.61378,0.107
-1.6186,4.3508,0.066112,-1.588,4.6134,4.1359,0.693,0.95987,0.72495,0.61378,0.107
-1.5169,1.4924,-4.746,-2.0114,2.7265,4.2327,0.693,1.3427,0.83845,0.76531,0.107
-1.6186,3.6839,0.066127,-1.588,4.0846,4.1359,0.693,0.95986,0.72496,0.61378,0.107
-1.5638,-3.2213,3.8999,4.2203,-1.8989,4.3551,0.693,0.93845,0.83832,1.1067,0.107
-1.6186,2.8283,0.066198,-1.588,3.3369,4.1359,0.693,0.95985,0.72497,0.61378,0.107
-1.6186,3.8874,0.066092,-1.588,4.2296,4.1359,0.693,0.95986,0.72496,0.61378,0.107
-1.6186,3.8103,0.066129,-1.588,4.3871,4.1359,0.693,0.95986,0.72495,0.61378,0.107
-1.6186,3.2179,0.066204,-1.588,3.6785,4.1359,0.693,0.95987,0.72495,0.61378,0.107
-1.6186,2.7615,0.066366,-1.588,3.1523,4.1359,0.693,0.95985,0.72496,0.6138,0.107
-1.569,-4.9526,-2.2095,-1.786,2.8068,4.1977,0.693,0.61497,0.84804,0.52788,0.107
-1.5638,-3.2213,3.4257,3.9628,-1.8989,4.355,0.693,0.93844,0.83833,1.1067,0.107
-1.6186,2.7841,0.066291,-1.588,3.2937,4.1359,0.693,0.95987,0.72496,0.61378,0.107
-1.6486,-0.76585,0.078316,-1.5769,3.807,4.1138,0.693,1.0057,0.68763,0.60344,0.107
-1.6486,-0.76588,0.078233,-1.5769,4.5054,4.1138,0.693,1.0056,0.68762,0.60346,0.107
-1.6486,-0.76586,0.078305,-1.5769,3.8055,4.1138,0.693,1.0056,0.68763,0.60345,0.107
-1.6486,-0.76592,0.078351,-1.5769,3.5409,4.1137,0.693,1.0056,0.68764,0.60348,0.107
-1.6186,4.6868,0.066108,-1.588,4.8307,4.1359,0.693,0.95987,0.72495,0.61378,0.107
-1.6186,3.2633,0.066093,-1.588,4.0023,4.1359,0.693,0.95986,0.72496,0.61378,0.107
-1.6186,2.8426,0.066346,-1.588,3.3484,4.1359,0.693,0.95988,0.72495,0.61378,0.107
-1.6186,3.2678,0.066241,-1.588,3.8648,4.1359,0.693,0.95989,0.72494,0.61377,0.107
-1.6186,2.8125,0.066208,-1.588,3.3219,4.1359,0.693,0.95985,0.72497,0.61379,0.107
-1.5687,-4.7373,-2.2078,-1.7863,2.5439,4.1979,0.693,0.61552,0.84782,0.52844,0.107
-1.6186,3.7764,0.066128,-1.588,4.1896,4.1359,0.693,0.95987,0.72495,0.61378,0.107
-1.6186,3.2627,0.066144,-1.588,3.735,4.1359,0.693,0.95985,0.72495,0.61379,0.107
-1.4385,1.0639,1.1911,-1.8171,-1.8603,4.0058,0.693,0.70161,0.89274,0.95473,0.107
-1.6186,3.5531,0.066068,-1.588,4.0375,4.1359,0.693,0.95986,0.72496,0.61378,0.107
-1.6186,3.2364,0.0662,-1.588,3.7256,4.1359,0.693,0.95986,0.72495,0.61379,0.107
-1.5638,-3.2213,3.3467,3.7154,-1.8989,4.355,0.693,0.93844,0.83832,1.1067,0.107
-1.6186,3.1315,0.066178,-1.588,3.7614,4.1359,0.693,0.95986,0.72496,0.61378,0.107
-1.6486,-0.76579,0.078422,-1.5769,3.5496,4.1137,0.693,1.0056,0.68763,0.60345,0.107
-1.6186,3.433,0.066208,-1.588,3.6849,4.1359,0.693,0.95987,0.72495,0.61378,0.107
-1.4826,0.05487,1.3992,2.3027,-1.9256,4.3917,0.693,0.92628,0.82924,1.3258,0.107
-1.6186,2.8418,0.0662,-1.588,3.3474,4.1359,0.693,0.95985,0.72498,0.61378,0.107
-1.6186,3.1708,0.066174,-1.588,3.6619,4.1359,0.693,0.95987,0.72496,0.61378,0.107
-1.6186,3.1616,0.066193,-1.588,3.5277,4.1359,0.693,0.95986,0.72496,0.61379,0.107
-1.2628,0.20927,-3.4995,3.7625,-1.765,4.4486,0.693,0.61525,0.90092,1.3688,0.107
-1.6186,3.1193,0.066175,-1.588,3.6399,4.1359,0.693,0.95986,0.72496,0.61379,0.107
-1.569,-4.9282,-2.2094,-1.786,3.0375,4.1977,0.693,0.61483,0.84787,0.52756,0.107
-1.6486,-0.76584,0.07831,-1.5769,4.5427,4.1137,0.693,1.0056,0.68762,0.60346,0.107
-1.6186,3.7771,0.066117,-1.588,4.1918,4.1359,0.693,0.95987,0.72495,0.61378,0.107
-1.6186,3.2141,0.066182,-1.588,3.5575,4.1359,0.693,0.95986,0.72496,0.61378,0.107
-1.6186,3.2506,0.066152,-1.588,3.7263,4.1359,0.693,0.95985,0.72496,0.61379,0.107
-1.569,-4.9807,-2.2097,-1.786,2.8604,4.1977,0.693,0.61437,0.84757,0.52714,0.107
-1.6186,3.2793,0.066181,-1.588,3.7288,4.1359,0.693,0.95985,0.72496,0.61379,0.107
-1.5686,-4.627,-2.2065,-1.7865,3.1569,4.1981,0.693,0.61612,0.84837,0.52825,0.107
-1.6186,3.4404,0.066208,-1.588,3.8867,4.1359,0.693,0.95987,0.72495,0.61379,0.107
-1.6186,3.0124,0.066218,-1.588,3.54,4.1359,0.693,0.95987,0.72496,0.61378,0.107
-1.6186,3.2162,0.066198,-1.588,3.7537,4.1359,0.693,0.95987,0.72495,0.61378,0.107
-1.5033,-3.3513,1.6353,-1.778,-1.7584,3.9821,0.693,0.66102,0.81828,0.76395,0.107
-1.5688,-4.8054,-2.2085,-1.7862,2.6436,4.1978,0.693,0.61525,0.84794,0.528,0.107
-1.6186,3.6817,0.066147,-1.588,4.0842,4.1359,0.693,0.95987,0.72495,0.61378,0.107
-1.4637,-2.6633,-2.7667,3.6652,-1.9012,4.3809,0.693,0.56171,0.89449,1.2452,0.107
-1.6185,2.3016,0.066363,-1.5881,2.8872,4.1359,0.693,0.95981,0.725,0.61382,0.107
-1.6186,3.6798,0.066184,-1.588,4.0815,4.1359,0.693,0.95987,0.72495,0.61379,0.107
-1.6186,4.215,0.066118,-1.588,4.5571,4.1359,0.693,0.95986,0.72495,0.61378,0.107
-1.6186,2.8155,0.066266,-1.588,3.3348,4.1359,0.693,0.95987,0.72496,0.61378,0.107
-1.6186,2.9335,0.066178,-1.588,3.434,4.1359,0.693,0.95986,0.72497,0.61378,0.107
-1.6186,2.8006,0.066253,-1.588,3.3111,4.1359,0.693,0.95985,0.72497,0.61379,0.107
-1.5032,-3.3555,3.4306,-1.7779,-1.7586,3.982,0.693,0.66103,0.81833,0.76377,0.107
-1.6186,3.187,0.066167,-1.588,3.7143,4.1359,0.693,0.95987,0.72496,0.61378,0.107
-1.2629,0.20961,-3.4995,3.0515,-1.765,4.4485,0.693,0.61533,0.90086,1.3688,0.107
-1.6186,3.2258,0.06614,-1.588,3.9428,4.1359,0.693,0.95986,0.72496,0.61379,0.107
-1.6186,3.8793,0.066125,-1.588,4.2302,4.1359,0.693,0.95985,0.72494,0.61378,0.107
-1.6486,-0.76586,0.078355,-1.5769,3.7187,4.1138,0.693,1.0057,0.68763,0.60345,0.107
-1.6186,3.2355,0.066187,-1.588,3.704,4.1359,0.693,0.95987,0.72495,0.61378,0.107
-1.6186,3.1564,0.066226,-1.588,3.8321,4.1359,0.693,0.95988,0.72495,0.61378,0.107
-1.569,-4.9948,-2.2099,-1.7859,4.956,4.1977,0.693,0.61479,0.848,0.52723,0.107
-1.5689,-4.7749,-2.2082,-1.7862,2.6009,4.1978,0.693,0.61568,0.84833,0.52821,0.107
-1.4381,2.2233,3.4814,-1.8176,-1.8592,4.006,0.693,0.70101,0.89204,0.9558,0.107
-1.6186,3.9093,0.066102,-1.588,4.2215,4.1359,0.693,0.95986,0.72496,0.61378,0.107
-1.6186,4.0562,0.066173,-1.588,4.4488,4.1359,0.693,0.95989,0.72494,0.61377,0.107
-1.6186,3.2468,0.066197,-1.588,3.7119,4.1359,0.693,0.95986,0.72496,0.61379,0.107
-1.6486,-0.76576,0.078415,-1.5769,3.7995,4.1137,0.693,1.0056,0.68763,0.60347,0.107
-1.6186,3.2268,0.06615,-1.588,3.7362,4.1359,0.693,0.95986,0.72496,0.61378,0.107
-1.5691,-4.9912,-2.2097,-1.7859,2.7475,4.1977,0.693,0.61461,0.84777,0.52785,0.107
-1.6186,2.8757,0.066255,-1.588,3.3821,4.1359,0.693,0.95987,0.72496,0.61378,0.107
-1.6186,3.2128,0.066093,-1.588,3.9938,4.1359,0.693,0.95986,0.72496,0.61378,0.107
-1.6186,4.0818,0.066152,-1.588,4.2268,4.1359,0.693,0.95986,0.72495,0.61378,0.107
-1.6186,3.7848,0.066127,-1.588,4.1962,4.1359,0.693,0.95987,0.72495,0.61378,0.107
-1.6186,3.6901,0.066162,-1.588,4.0783,4.1359,0.693,0.95987,0.72495,0.61378,0.107
-1.6186,3.7365,0.066047,-1.588,4.1635,4.1359,0.693,0.95985,0.72497,0.61379,0.107
-1.569,-4.9674,-2.2096,-1.7859,2.7884,4.1977,0.693,0.61468,0.84775,0.52788,0.107
-1.6186,3.0348,0.066211,-1.588,3.5533,4.1359,0.693,0.95987,0.72496,0.61378,0.107
-1.4635,-2.6635,-2.7668,4.0019,-1.9012,4.3809,0.693,0.56168,0.89449,1.2452,0.107
-1.6186,2.8198,0.066269,-1.588,3.3288,4.1359,0.693,0.95986,0.72496,0.61378,0.107
-1.6486,-0.76588,0.078261,-1.5769,4.3447,4.1138,0.693,1.0056,0.68763,0.60345,0.107
-1.6186,3.2535,0.066147,-1.588,3.7009,4.1359,0.693,0.95986,0.72496,0.61378,0.107
-1.6186,4.7124,0.066108,-1.588,4.8075,4.1359,0.693,0.95987,0.72495,0.61378,0.107
-1.6186,3.7472,0.066139,-1.588,4.1402,4.1359,0.693,0.95988,0.72495,0.61378,0.107
-1.6186,3.7303,0.066161,-1.588,4.1626,4.1359,0.693,0.95985,0.72495,0.61379,0.107
-1.6186,3.0977,0.066174,-1.588,3.6208,4.1359,0.693,0.95985,0.72496,0.61378,0.107
-1.6186,3.1163,0.066266,-1.5881,3.6417,4.1359,0.693,0.95971,0.72538,0.61447,0.107
-1.4941,-4.65,2.293,-1.7782,-1.7812,3.9784,0.693,0.65752,0.81575,0.77143,0.107
-1.6186,4.0828,0.06613,-1.588,4.1875,4.1359,0.693,0.95986,0.72495,0.61378,0.107
-1.6186,3.7106,0.066134,-1.588,4.0862,4.1359,0.693,0.95987,0.72495,0.61378,0.107
-1.6186,3.7611,0.066172,-1.588,4.2009,4.1359,0.693,0.95987,0.72495,0.61378,0.107
-1.6186,3.2075,0.06614,-1.588,3.983,4.1359,0.693,0.95986,0.72495,0.61379,0.107
-1.6186,3.7308,0.066125,-1.588,4.4558,4.1359,0.693,0.95987,0.72495,0.61379,0.107
-1.6186,3.8574,0.066127,-1.588,4.2563,4.1359,0.693,0.95985,0.72496,0.61379,0.107
-1.6186,4.2379,0.066083,-1.588,4.7112,4.1359,0.693,0.95986,0.72496,0.61378,0.107
-1.6186,3.6871,0.066126,-1.588,4.0748,4.1359,0.693,0.95987,0.72495,0.61378,0.107
-1.6186,3.2845,0.066177,-1.588,3.7411,4.1359,0.693,0.95986,0.72496,0.61378,0.107
-1.6186,3.2774,0.066169,-1.588,3.889,4.1359,0.693,0.95987,0.72495,0.61379,0.107
-1.6186,3.3376,0.066152,-1.588,3.8253,4.1359,0.693,0.95987,0.72495,0.61378,0.107
-1.6186,3.4101,0.066158,-1.588,3.8613,4.1359,0.693,0.95986,0.72495,0.61379,0.107
-1.5169,1.6968,-4.9443,-2.0114,2.7012,4.2326,0.693,1.3436,0.83809,0.76598,0.107
-1.5032,-3.3536,2.1571,-1.7779,-1.7585,3.982,0.693,0.66104,0.81834,0.76378,0.107
-1.6186,3.2767,0.066102,-1.588,4.0033,4.1359,0.693,0.95986,0.72496,0.61379,0.107
-1.4382,3.0533,4.3583,-1.8173,-1.8595,4.006,0.693,0.70119,0.89236,0.95537,0.107
-1.6186,2.8275,0.066239,-1.588,3.3352,4.1359,0.693,0.95986,0.72496,0.61379,0.107
-1.6186,3.3353,0.066164,-1.588,3.9319,4.1359,0.693,0.95987,0.72495,0.61378,0.107
-1.6186,3.7842,0.066104,-1.588,4.1953,4.1359,0.693,0.95986,0.72496,0.61378,0.107
-1.6186,2.992,0.066236,-1.588,3.4974,4.1359,0.693,0.95987,0.72496,0.61378,0.107
-1.5688,-4.7967,-2.2084,-1.7862,2.6397,4.1979,0.693,0.61501,0.8478,0.52783,0.107
-1.5033,-3.3514,1.6081,-1.778,-1.7584,3.982,0.693,0.66096,0.81839,0.76391,0.107
-1.6186,3.8573,0.066125,-1.588,4.2384,4.1359,0.693,0.95987,0.72495,0.61378,0.107
-1.6186,2.8252,0.066311,-1.588,3.3081,4.1359,0.693,0.95986,0.72496,0.61378,0.107
-1.4636,-2.6635,-2.7667,3.661,-1.9012,4.3809,0.693,0.56174,0.89448,1.2451,0.107
-1.6184,3.1608,0.066236,-1.5883,2.5947,4.136,0.693,0.95967,0.72513,0.6139,0.107
-1.4635,-2.6635,-2.7668,4.5024,-1.9012,4.3809,0.693,0.56169,0.8945,1.2452,0.107
-1.569,-4.9753,-2.2097,-1.7859,3.7545,4.1977,0.693,0.61474,0.84783,0.52757,0.107
-1.6186,3.8668,0.06606,-1.588,4.2186,4.1359,0.693,0.95986,0.72496,0.61378,0.107
-1.6186,3.1027,0.066225,-1.588,3.5875,4.1359,0.693,0.95988,0.72495,0.61378,0.107
-1.6186,3.4622,0.066112,-1.588,3.9218,4.1359,0.693,0.95987,0.72496,0.61378,0.107
-1.2628,0.20924,-3.4995,3.8306,-1.765,4.4486,0.693,0.61525,0.90091,1.3688,0.107
-1.6186,2.5629,0.066464,-1.588,3.0228,4.1359,0.693,0.95986,0.72498,0.61377,0.107
-1.5169,1.5557,-4.8142,-2.0114,2.7377,4.2327,0.693,1.3431,0.83847,0.76557,0.107
-1.6186,3.8767,0.066122,-1.588,4.3131,4.1359,0.693,0.95986,0.72495,0.61378,0.107
-1.6186,3.2904,0.066163,-1.588,3.7993,4.1359,0.693,0.95987,0.72495,0.61378,0.107
-1.6186,3.199,0.06621,-1.588,3.718,4.1359,0.693,0.95986,0.72495,0.61379,0.107
-1.6186,4.1918,0.066109,-1.588,4.5039,4.1359,0.693,0.95987,0.72495,0.61378,0.107
-1.6186,2.8196,0.066219,-1.588,3.3279,4.1359,0.693,0.95985,0.72497,0.61379,0.107
-1.6186,3.2118,0.066207,-1.588,3.5564,4.1359,0.693,0.95986,0.72496,0.61379,0.107
-1.4843,0.10127,3.136,0.88128,-1.9243,4.3898,0.693,0.92552,0.83256,1.3243,0.107
-1.6486,-0.76586,0.078281,-1.5769,4.3355,4.1137,0.693,1.0056,0.68763,0.60346,0.107
-1.5033,-3.3509,1.6919,-1.778,-1.7583,3.9821,0.693,0.66101,0.81829,0.76393,0.107
-1.6186,2.7843,0.066226,-1.588,3.2969,4.1359,0.693,0.95985,0.72497,0.61378,0.107
-1.6185,2.1574,0.065925,-1.5882,3.3961,4.1359,0.693,0.95984,0.72492,0.61387,0.107
-1.6186,3.1287,0.066262,-1.588,3.6532,4.1359,0.693,0.95988,0.72494,0.61378,0.107
-1.6186,3.2268,0.066172,-1.588,3.7142,4.1359,0.693,0.95986,0.72496,0.61379,0.107
-1.6186,2.7898,0.066273,-1.588,3.3014,4.1359,0.693,0.95986,0.72496,0.61379,0.107
-1.6186,4.0377,0.066081,-1.588,4.2169,4.1359,0.693,0.95985,0.72496,0.61379,0.107
-1.6186,3.4206,0.066151,-1.588,3.9175,4.1359,0.693,0.95986,0.72496,0.61378,0.107
-1.6186,3.3538,0.066214,-1.588,3.7306,4.1359,0.693,0.95988,0.72495,0.61377,0.107
-1.6186,3.817,0.066126,-1.588,4.2727,4.1359,0.693,0.95986,0.72496,0.61379,0.107
-1.6186,3.965,0.06613,-1.588,4.1827,4.1359,0.693,0.95987,0.72495,0.61378,0.107
-1.5032,-3.3519,1.5533,-1.7781,-1.7583,3.9821,0.693,0.66092,0.81822,0.76413,0.107
-1.5689,-4.7796,-2.2082,-1.7862,2.6232,4.1978,0.693,0.61564,0.84833,0.52821,0.107
-1.4384,3.6128,1.17,-1.817,-1.8604,4.0058,0.693,0.70135,0.89253,0.95519,0.107
-1.6186,3.7787,0.06604,-1.588,4.1572,4.1359,0.693,0.95985,0.72496,0.61379,0.107
-1.6186,4.3856,0.066163,-1.588,4.6277,4.1359,0.693,0.95987,0.72495,0.61378,0.107
-1.5691,-4.9831,-2.2097,-1.7859,2.7284,4.1977,0.693,0.61463,0.84782,0.52778,0.107
-1.6186,2.5829,0.066317,-1.588,3.115,4.1359,0.693,0.95987,0.72498,0.61376,0.107
-1.6186,2.8411,0.066414,-1.588,3.1697,4.1359,0.693,0.95987,0.72496,0.61377,0.107
-0.91281,0.91747,4.8295,-4.9125,-1.8167,4.0922,0.693,1.3128,1.1796,0.79844,0.107
-1.6186,2.8418,0.066234,-1.588,3.3485,4.1359,0.693,0.95986,0.72497,0.61378,0.107
-1.6486,-0.76583,0.078303,-1.5769,4.3455,4.1137,0.693,1.0056,0.68762,0.60346,0.107
-1.6183,3.5211,0.066843,-1.5885,2.5881,4.1358,0.693,0.95956,0.725,0.61403,0.107
-1.5688,-4.8022,-2.2084,-1.7862,2.6403,4.1978,0.693,0.61526,0.84792,0.52801,0.107
-1.6186,2.8236,0.06628,-1.588,3.3317,4.1359,0.693,0.95986,0.72496,0.61379,0.107
-1.6186,3.1855,0.066187,-1.588,3.5352,4.1359,0.693,0.95985,0.72497,0.61379,0.107
-1.6186,3.7154,0.06614,-1.588,4.0773,4.1359,0.693,0.95987,0.72495,0.61377,0.107
-1.5031,-3.3607,1.8519,-1.7779,-1.759,3.9819,0.693,0.66102,0.81833,0.76386,0.107
-1.4635,-2.6636,-2.7668,3.9986,-1.9012,4.3809,0.693,0.5617,0.89451,1.2451,0.107
-1.6186,3.2157,0.066225,-1.588,3.852,4.1359,0.693,0.95988,0.72494,0.61378,0.107
-1.2629,0.2099,-3.4991,2.8551,-1.7651,4.4484,0.693,0.61535,0.90087,1.3688,0.107
-1.6186,4.6401,0.066108,-1.588,4.8546,4.1359,0.693,0.95987,0.72495,0.61378,0.107
-1.2629,0.20985,-3.4995,3.0112,-1.765,4.4485,0.693,0.61526,0.9009,1.3688,0.107
-1.5689,-4.8951,-2.2092,-1.786,2.6955,4.1978,0.693,0.61483,0.84778,0.52778,0.107
-1.6486,-0.76587,0.078252,-1.5769,4.485,4.1138,0.693,1.0056,0.68763,0.60345,0.107
-1.6186,3.2233,0.066232,-1.588,3.5627,4.1359,0.693,0.95987,0.72495,0.61378,0.107
-1.024,-1.9391,0.29197,-2.0297,4.578,4.1308,0.693,1.0661,0.74488,0.6118,0.107
-1.6186,3.3569,0.066158,-1.588,3.8234,4.1359,0.693,0.95986,0.72496,0.61378,0.107
-1.6186,2.7886,0.066322,-1.588,3.2993,4.1359,0.693,0.95987,0.72497,0.61377,0.107
-1.5683,-4.6269,-2.2067,-1.7867,4.7782,4.198,0.693,0.61593,0.84856,0.5261,0.107
-1.6186,3.8218,0.066105,-1.588,4.2077,4.1359,0.693,0.95987,0.72496,0.61378,0.107
-1.6186,3.4288,0.066159,-1.588,3.9217,4.1359,0.693,0.95986,0.72495,0.61379,0.107
-1.4888,1.5902,1.3796,0.47929,-1.9394,4.3408,0.693,0.93601,0.84119,1.324,0.107
-1.6186,3.9403,0.066137,-1.588,4.2227,4.1359,0.693,0.95986,0.72495,0.61379,0.107
-1.6186,3.214,0.066233,-1.588,3.6947,4.1359,0.693,0.95988,0.72495,0.61378,0.107
-1.6486,-0.76594,0.07822,-1.5769,3.7998,4.1138,0.693,1.0056,0.68765,0.60346,0.107
-1.5687,-4.7612,-2.208,-1.7863,2.4473,4.1978,0.693,0.6147,0.84788,0.52678,0.107
-1.4505,3.6299,-1.9213,-1.8038,-1.8978,3.9658,0.693,0.57111,0.88182,1.0289,0.107
-1.5037,-3.3214,4.8512,-1.7783,-1.7562,3.9824,0.693,0.661,0.81818,0.7639,0.107
-1.6486,-0.76587,0.07827,-1.5769,4.5242,4.1138,0.693,1.0056,0.68762,0.60346,0.107
-1.6186,3.719,0.066138,-1.588,4.1554,4.1359,0.693,0.95987,0.72495,0.61378,0.107
-1.6186,3.1099,0.066252,-1.588,3.639,4.1359,0.693,0.95988,0.72495,0.61378,0.107
-1.6186,3.2258,0.066092,-1.588,3.999,4.1359,0.693,0.95986,0.72496,0.61379,0.107
-1.5638,-3.2211,3.3684,3.8517,-1.8989,4.355,0.693,0.93845,0.83833,1.1067,0.107
-1.5169,1.593,-4.7586,-2.0114,2.7988,4.2328,0.693,1.3428,0.83855,0.7654,0.107
-1.6186,3.2142,0.066166,-1.588,3.6882,4.1359,0.693,0.95986,0.72496,0.61378,0.107
-1.6486,-0.76577,0.078349,-1.5769,3.8053,4.1137,0.693,1.0056,0.68763,0.60345,0.107
-1.6186,2.8406,0.066264,-1.588,3.3471,4.1359,0.693,0.95986,0.72496,0.61378,0.107
-1.6186,3.7451,0.066132,-1.588,4.1766,4.1359,0.693,0.95986,0.72495,0.61379,0.107
-1.6186,3.1985,0.066128,-1.588,3.7306,4.1359,0.693,0.95986,0.72496,0.61378,0.107
-1.6186,2.9569,0.066178,-1.588,3.4548,4.1359,0.693,0.95986,0.72497,0.61378,0.107
-1.5234,-5,-2.0346,-1.8308,-1.6738,3.9412,0.693,0.53679,0.83282,0.82507,0.107
-1.485,2.3423,1.5688,2.3347,-1.9495,4.3259,0.693,0.95052,0.83736,1.3278,0.107
-1.6186,3.1902,0.066238,-1.588,3.6844,4.1359,0.693,0.95987,0.72495,0.61378,0.107
-1.6186,4.2767,0.066136,-1.588,4.6495,4.1359,0.693,0.95987,0.72495,0.61378,0.107
-1.4843,0.099779,1.5216,0.88766,-1.9242,4.3902,0.693,0.92481,0.83211,1.3246,0.107
-1.6186,4.0088,0.066111,-1.588,4.168,4.1359,0.693,0.95986,0.72496,0.61379,0.107
-1.569,-4.9312,-2.2094,-1.786,3.0736,4.1977,0.693,0.61485,0.84786,0.52754,0.107
-1.6186,3.8731,0.066111,-1.588,4.141,4.1359,0.693,0.95986,0.72496,0.61378,0.107
-0.89876,-1.7098,-0.7508,-1.8907,-4.94,4.0027,0.693,1.3066,1.1293,1.0518,0.107
-1.4827,0.054692,2.4743,2.3525,-1.9254,4.3918,0.693,0.92686,0.82972,1.3267,0.107
-1.6186,3.8476,0.066123,-1.588,4.2955,4.1359,0.693,0.95986,0.72495,0.61378,0.107
-1.6186,3.2062,0.066102,-1.588,3.9875,4.1359,0.693,0.95986,0.72496,0.61379,0.107
-1.6186,3.1852,0.06616,-1.588,3.8727,4.1359,0.693,0.95987,0.72495,0.61378,0.107
-1.6186,3.1072,0.066243,-1.588,3.6253,4.1359,0.693,0.95986,0.72495,0.61379,0.107
-1.6486,-0.76584,0.078279,-1.5769,3.9497,4.1138,0.693,1.0056,0.68764,0.60346,0.107
-1.6186,3.2639,0.066102,-1.588,4.0072,4.1359,0.693,0.95986,0.72496,0.61378,0.107
-1.6186,2.7718,0.066221,-1.588,3.2879,4.1359,0.693,0.95985,0.72497,0.6138,0.107
-1.6186,1.7122,0.065385,-1.588,2.777,4.1361,0.693,0.95984,0.72543,0.61336,0.107
-1.5032,-3.3521,1.574,-1.7781,-1.7583,3.9821,0.693,0.66092,0.81822,0.76414,0.107
-1.6186,3.2091,0.066185,-1.588,3.9889,4.1359,0.693,0.95988,0.72495,0.61378,0.107
-1.6186,3.2235,0.066163,-1.588,3.7066,4.1359,0.693,0.95986,0.72496,0.61378,0.107
-1.2629,0.20943,-3.4996,3.3507,-1.765,4.4485,0.693,0.61527,0.90091,1.3688,0.107
-1.5638,-3.2214,3.8986,4.2202,-1.8988,4.355,0.693,0.93847,0.83831,1.1067,0.107
-1.6186,3.7545,0.066066,-1.588,4.1979,4.1359,0.693,0.95987,0.72496,0.61377,0.107
-1.6186,2.8253,0.066323,-1.588,3.3345,4.1359,0.693,0.95987,0.72496,0.61378,0.107
-1.569,-4.9331,-2.2095,-1.786,2.7046,4.1977,0.693,0.61486,0.84802,0.52734,0.107
-1.5688,-4.7966,-2.2084,-1.7862,2.6653,4.1978,0.693,0.61519,0.84799,0.52739,0.107
-1.6186,3.7675,0.066127,-1.588,4.1856,4.1359,0.693,0.95986,0.72495,0.61378,0.107
-1.6186,3.3021,0.066186,-1.588,3.8959,4.1359,0.693,0.95988,0.72495,0.61378,0.107
-1.024,-1.9391,0.29204,-2.0297,4.4374,4.1308,0.693,1.0661,0.74488,0.6118,0.107
-1.6486,-0.76589,0.078389,-1.5769,3.5473,4.1137,0.693,1.0057,0.68763,0.60344,0.107
-1.6186,3.2739,0.066212,-1.588,3.7733,4.1359,0.693,0.95987,0.72495,0.61378,0.107
-1.6186,3.7728,0.066116,-1.588,4.2707,4.1359,0.693,0.95988,0.72495,0.61378,0.107
-1.6186,3.7095,0.066149,-1.588,4.0678,4.1359,0.693,0.95987,0.72495,0.61378,0.107
