-1.5032,-3.3576,5,-1.7779,-1.7587,3.982,0.693,0.66098,0.81831,0.7638,0.107
-1.5034,-3.3492,5,-1.7779,-1.7582,3.982,0.693,0.6611,0.81837,0.76362,0.107
-1.5034,-3.3472,5,-1.7779,-1.758,3.982,0.693,0.66115,0.81839,0.76359,0.107
-1.5032,-3.3491,5,-1.778,-1.7585,3.982,0.693,0.66107,0.81835,0.76362,0.107
-1.5031,-3.3597,5,-1.7779,-1.7589,3.9819,0.693,0.66095,0.8183,0.76384,0.107
-1.5032,-3.3564,4.9999,-1.7779,-1.7586,3.982,0.693,0.66091,0.81833,0.76374,0.107
-1.4843,0.10022,4.9999,0.8915,-1.9242,4.3902,0.693,0.92479,0.83209,1.3244,0.107
-1.6194,5,0.067895,-1.5871,4.7175,4.1357,0.693,0.96049,0.72443,0.61346,0.107
-1.5033,-3.3484,5,-1.7779,-1.7582,3.9821,0.693,0.66108,0.81836,0.76371,0.107
-1.5034,-3.3481,4.9991,-1.7779,-1.7581,3.9821,0.693,0.66118,0.81848,0.76368,0.107
-1.5034,-3.3475,5,-1.7779,-1.758,3.9821,0.693,0.66107,0.81843,0.76358,0.107
-1.5036,-3.3391,5,-1.7779,-1.7575,3.9823,0.693,0.66118,0.81855,0.76335,0.107
-1.5035,-3.3418,5,-1.7779,-1.7576,3.9822,0.693,0.66118,0.81844,0.76344,0.107
-1.5247,-5,-2.0383,-1.8302,-1.6707,3.9414,0.693,0.53683,0.83326,0.82464,0.107
-1.5034,-3.3469,5,-1.7779,-1.758,3.9821,0.693,0.66113,0.8184,0.76359,0.107
-1.5035,-3.3418,5,-1.7779,-1.7579,3.9821,0.693,0.66103,0.81841,0.76352,0.107
-1.024,-1.939,0.29231,-2.0297,3.6662,4.1308,0.693,1.0657,0.74493,0.61196,0.107
-1.5031,-3.356,4.9932,-1.778,-1.7586,3.982,0.693,0.66096,0.81846,0.76381,0.107
-1.5035,-3.3447,5,-1.7779,-1.7578,3.9821,0.693,0.66116,0.81857,0.76355,0.107
-1.5035,-3.3428,5,-1.7778,-1.7577,3.9823,0.693,0.66113,0.81851,0.76342,0.107
-1.5034,-3.3455,5,-1.7778,-1.7578,3.9823,0.693,0.6611,0.81855,0.7635,0.107
-1.5034,-3.3476,5,-1.7779,-1.758,3.9821,0.693,0.66108,0.81841,0.76359,0.107
-1.5034,-3.348,5,-1.7779,-1.7581,3.9821,0.693,0.66104,0.81839,0.76359,0.107
-1.5034,-3.3485,5,-1.7779,-1.7581,3.9819,0.693,0.66102,0.81831,0.76365,0.107
-1.5035,-3.3395,5,-1.7779,-1.7575,3.9824,0.693,0.66114,0.81858,0.76332,0.107
-1.5036,-3.3398,5,-1.7779,-1.7575,3.9823,0.693,0.66117,0.8185,0.76335,0.107
-1.4382,3.3102,4.9544,-1.8174,-1.8594,4.006,0.693,0.70128,0.89243,0.95531,0.107
-1.5034,-3.3475,5,-1.7779,-1.7581,3.9821,0.693,0.66108,0.8184,0.76359,0.107
-1.5034,-3.3476,5,-1.7779,-1.7581,3.982,0.693,0.66111,0.81838,0.76361,0.107
-1.5032,-3.3573,4.9989,-1.7779,-1.7587,3.982,0.693,0.66098,0.81832,0.76381,0.107
-1.5033,-3.3541,5,-1.7779,-1.7585,3.982,0.693,0.66104,0.81839,0.76378,0.107
-1.5637,-3.2229,5,4.9998,-1.8989,4.3551,0.693,0.93842,0.8384,1.1067,0.107
-1.5035,-3.3436,5,-1.7779,-1.7578,3.9821,0.693,0.66118,0.81845,0.76353,0.107
-1.0241,-1.9392,0.29194,-2.0296,4.0133,4.1307,0.693,1.0661,0.74493,0.61185,0.107
-1.0244,-1.9367,0.29218,-2.03,4.0425,4.1306,0.693,1.066,0.74488,0.61177,0.107
-1.5034,-3.3453,5,-1.7779,-1.7579,3.9821,0.693,0.66113,0.81841,0.76355,0.107
-1.5035,-3.3431,5,-1.7778,-1.7577,3.9823,0.693,0.66113,0.81851,0.76342,0.107
-1.503,-3.3586,5,-1.7781,-1.7591,3.9819,0.693,0.66096,0.81822,0.76389,0.107
-1.6185,5,0.065589,-1.5881,4.0633,4.1361,0.693,0.95975,0.72495,0.61379,0.107
-1.5032,-3.3506,5,-1.7781,-1.7585,3.982,0.693,0.66096,0.81838,0.76373,0.107
-1.6186,5,0.066211,-1.588,4.3636,4.1359,0.693,0.95982,0.72488,0.61379,0.107
4.3697,3.8395,3.4359,2.0751,4.3867,-2.4929,0.693,1.9016,1.7877,1.3279,0.107
-1.5034,-3.3477,5,-1.7779,-1.758,3.9821,0.693,0.66107,0.8184,0.76359,0.107
-1.5031,-3.3597,5,-1.7779,-1.7589,3.982,0.693,0.66094,0.81832,0.76385,0.107
-1.0243,-1.9379,0.29207,-2.0298,4.2226,4.1307,0.693,1.0658,0.74492,0.61183,0.107
-1.5033,-3.3517,5,-1.7779,-1.7583,3.982,0.693,0.661,0.81836,0.76373,0.107
-1.0242,-1.9391,0.29157,-2.0296,3.9854,4.1308,0.693,1.0663,0.74478,0.61161,0.107
-1.5035,-3.3454,5,-1.7779,-1.7579,3.9821,0.693,0.6612,0.81843,0.76356,0.107
-1.0242,-1.9383,0.29222,-2.0297,3.8069,4.1308,0.693,1.0659,0.74489,0.61189,0.107
-1.5032,-3.3572,5,-1.7779,-1.7587,3.982,0.693,0.661,0.81832,0.7638,0.107
-1.4382,2.3855,4.9999,-1.8173,-1.8595,4.006,0.693,0.70118,0.8924,0.95536,0.107
-1.5034,-3.3458,5,-1.7779,-1.7579,3.9822,0.693,0.66111,0.81852,0.76351,0.107
-1.5034,-3.3486,5,-1.7779,-1.7581,3.9821,0.693,0.66107,0.81838,0.76361,0.107
-1.5036,-3.339,5,-1.7779,-1.7575,3.9824,0.693,0.66116,0.81848,0.76332,0.107
-1.4382,2.7789,4.0061,-1.8173,-1.8595,4.0061,0.693,0.70122,0.89231,0.95537,0.107
-1.5685,-5,-2.2093,-1.7863,5,4.1978,0.693,0.6148,0.84778,0.5275,0.107
-1.5031,-3.3575,5,-1.7779,-1.7587,3.982,0.693,0.66099,0.81837,0.76381,0.107
-1.5032,-3.3576,5,-1.7779,-1.7587,3.982,0.693,0.66097,0.81832,0.76384,0.107
-1.6184,4.3608,0.063596,-1.5878,5,4.1366,0.693,0.9592,0.72537,0.61385,0.107
-1.5035,-3.343,5,-1.7778,-1.7577,3.9822,0.693,0.66114,0.8184,0.76343,0.107
-1.5035,-3.3418,5,-1.7779,-1.7577,3.9821,0.693,0.66118,0.81838,0.76345,0.107
-1.5035,-3.3427,5,-1.7779,-1.7577,3.9821,0.693,0.66118,0.81845,0.76348,0.107
-1.5686,-4.9998,-2.2096,-1.7863,5,4.1978,0.693,0.61482,0.84843,0.52758,0.107
-1.5029,-3.3679,5,-1.778,-1.7595,3.9818,0.693,0.6609,0.81817,0.76407,0.107
3.5208,-3.7663,3.6442,-3.0168,-2.2456,-3.2684,0.693,1.9017,1.7877,1.3279,0.107
-1.4843,0.09962,3.0069,0.88906,-1.9242,4.3902,0.693,0.92467,0.83206,1.3244,0.107
-1.5037,-3.3388,5,-1.7779,-1.7575,3.982,0.693,0.66107,0.81838,0.76346,0.107
-1.5032,-3.3527,5,-1.778,-1.7584,3.982,0.693,0.66123,0.81838,0.7637,0.107
-1.5034,-3.3486,5,-1.7778,-1.7581,3.9821,0.693,0.66094,0.81838,0.76358,0.107
-1.4843,0.099311,5,0.89035,-1.9241,4.3903,0.693,0.92477,0.83212,1.3244,0.107
-1.5034,-3.3424,5,-1.7778,-1.7577,3.9824,0.693,0.66113,0.81878,0.76343,0.107
-1.5037,-3.331,4.9992,-1.7779,-1.7572,3.9822,0.693,0.66137,0.81863,0.76326,0.107
-1.4642,-2.6621,-2.7683,5,-1.9008,4.3808,0.693,0.56166,0.89444,1.2454,0.107
-1.5029,-3.3599,5,-1.7781,-1.7592,3.9819,0.693,0.66102,0.81823,0.76381,0.107
-1.5035,-3.3422,5,-1.7778,-1.7576,3.9822,0.693,0.66116,0.81845,0.76343,0.107
-1.6186,5,0.066544,-1.5881,3.7665,4.1358,0.693,0.95999,0.72501,0.61381,0.107
-1.4842,0.099517,5,0.89011,-1.9243,4.39,0.693,0.92498,0.83188,1.3245,0.107
-1.6183,5,0.065712,-1.5882,3.7472,4.136,0.693,0.95953,0.72513,0.61387,0.107
-1.5638,-3.2214,4.9995,4.6575,-1.8989,4.3551,0.693,0.93842,0.83833,1.1067,0.107
-1.5031,-3.3596,5,-1.7779,-1.7589,3.982,0.693,0.66093,0.8183,0.76384,0.107
-1.4504,4.2878,-1.9217,-1.8041,-1.8975,3.966,0.693,0.57092,0.88146,1.0295,0.107
-1.5035,-3.3432,5,-1.7779,-1.7578,3.9821,0.693,0.66115,0.81834,0.76349,0.107
4.7583,0.64635,3.584,-3.0086,4.6376,-3.8827,0.693,1.9017,1.7877,1.3279,0.107
-1.5033,-3.3535,5,-1.778,-1.7586,3.9818,0.693,0.66102,0.81824,0.76379,0.107
-1.5034,-3.3493,4.9997,-1.7779,-1.7582,3.9821,0.693,0.6612,0.81843,0.76357,0.107
-1.5036,-3.3391,5,-1.7779,-1.7575,3.9823,0.693,0.66116,0.8184,0.76332,0.107
-1.5031,-3.3596,5,-1.7779,-1.7589,3.982,0.693,0.66096,0.81827,0.7638,0.107
-1.5035,-3.3416,5,-1.7779,-1.7577,3.9822,0.693,0.66121,0.81855,0.7635,0.107
-1.5033,-3.3522,5,-1.7779,-1.7584,3.982,0.693,0.66105,0.81839,0.76365,0.107
-1.4503,3.6344,-1.9216,-1.8041,-1.8975,3.966,0.693,0.57095,0.88157,1.0295,0.107
-1.5028,-3.3694,5,-1.778,-1.7596,3.9818,0.693,0.66086,0.81808,0.76408,0.107
3.5978,0.64345,-0.55953,4.3699,1.3225,-3.0076,0.693,1.9016,1.7877,1.3278,0.107
-1.5036,-3.3335,5,-1.778,-1.7573,3.9822,0.693,0.66126,0.81836,0.76328,0.107
-1.5034,-3.3485,5,-1.7779,-1.7581,3.9821,0.693,0.66112,0.81843,0.76361,0.107
-1.5036,-3.3394,5,-1.7779,-1.7575,3.9822,0.693,0.66122,0.81846,0.76342,0.107
-1.5029,-3.3692,5,-1.778,-1.7596,3.9817,0.693,0.66084,0.81812,0.76411,0.107
-1.5033,-3.3517,4.9998,-1.7779,-1.7583,3.9821,0.693,0.66106,0.8184,0.76369,0.107
-1.4842,0.09943,4.7801,0.88949,-1.9242,4.3903,0.693,0.92474,0.83216,1.3244,0.107
-1.5032,-3.3577,5,-1.7778,-1.7588,3.982,0.693,0.66099,0.81831,0.76371,0.107
-1.503,-3.3628,5,-1.778,-1.7591,3.9819,0.693,0.66093,0.81803,0.76389,0.107
-1.503,-3.3671,5,-1.7779,-1.7593,3.9818,0.693,0.66079,0.81819,0.76401,0.107
-1.6187,5,0.06739,-1.588,3.1954,4.1356,0.693,0.95987,0.72464,0.61368,0.107
4.8273,1.7261,4.0485,4.8662,3.8327,-1.004,0.693,1.9017,1.7877,1.3278,0.107
-1.5034,-3.3465,5,-1.7779,-1.758,3.9821,0.693,0.66106,0.81841,0.76356,0.107
-1.5029,-3.3631,5,-1.778,-1.7592,3.982,0.693,0.66099,0.81873,0.76407,0.107
-1.6486,-0.7655,0.078042,-1.577,4.7965,4.1138,0.693,1.0057,0.68767,0.6036,0.107
-1.5035,-3.3438,5,-1.7778,-1.7578,3.9821,0.693,0.66116,0.81841,0.76344,0.107
-1.5035,-3.3517,5,-1.7777,-1.7585,3.982,0.693,0.66125,0.81817,0.76377,0.107
-1.5034,-3.3468,5,-1.7779,-1.758,3.9821,0.693,0.66115,0.81841,0.76359,0.107
-1.5035,-3.3421,5,-1.7778,-1.7576,3.9823,0.693,0.66114,0.81849,0.7634,0.107
-1.5034,-3.3485,5,-1.7779,-1.7581,3.9821,0.693,0.66103,0.81839,0.76359,0.107
-1.5029,-3.3671,5,-1.778,-1.7594,3.9818,0.693,0.66086,0.8182,0.76403,0.107
-1.5034,-3.3447,5,-1.7778,-1.7578,3.9823,0.693,0.66112,0.81855,0.76349,0.107
1.028,1.6868,3.1208,4.2364,1.3989,-3.5999,0.693,1.9016,1.7878,1.3279,0.107
-1.4504,4.9993,-1.9217,-1.804,-1.8975,3.966,0.693,0.57101,0.8815,1.0295,0.107
-1.5212,-5,-2.0277,-1.8319,-1.6789,3.941,0.693,0.53664,0.83218,0.82571,0.107
-1.5034,-3.3462,5,-1.7779,-1.7579,3.9823,0.693,0.66109,0.81848,0.76351,0.107
-1.5035,-3.3446,5,-1.7779,-1.7578,3.9822,0.693,0.66115,0.81847,0.76352,0.107
-1.5035,-3.3419,5,-1.7778,-1.7576,3.9822,0.693,0.66117,0.81846,0.76343,0.107
-1.5029,-3.3643,5,-1.778,-1.7593,3.982,0.693,0.66088,0.81821,0.76382,0.107
-1.5034,-3.3469,5,-1.7779,-1.7581,3.9821,0.693,0.66108,0.81831,0.7635,0.107
-1.5032,-3.357,4.4806,-1.7779,-1.7587,3.982,0.693,0.661,0.81826,0.76383,0.107
-1.5034,-3.3489,5,-1.7779,-1.7581,3.9821,0.693,0.66108,0.81833,0.76359,0.107
-1.6185,5,0.066155,-1.5881,4.3097,4.1359,0.693,0.9599,0.72491,0.61365,0.107
-1.5033,-3.3505,5,-1.7779,-1.7583,3.9821,0.693,0.66099,0.81838,0.76364,0.107
-1.5037,-3.3357,5,-1.7779,-1.7572,3.9822,0.693,0.66152,0.81829,0.76318,0.107
-1.6486,-0.7659,0.07845,-1.5769,3.9302,4.1137,0.693,1.0056,0.68762,0.60347,0.107
-1.618,5,0.065398,-1.5886,3.903,4.1359,0.693,0.95936,0.72518,0.61398,0.107
-1.503,-3.3643,5,-1.778,-1.7593,3.9818,0.693,0.66091,0.81816,0.76417,0.107
-1.5638,-3.2208,4.9968,4.9918,-1.8989,4.3551,0.693,0.93841,0.83833,1.1067,0.107
-1.5033,-3.3502,5,-1.7779,-1.7582,3.982,0.693,0.66111,0.81837,0.7637,0.107
-1.5638,-3.2222,5,5,-1.8988,4.355,0.693,0.93855,0.83829,1.1065,0.107
-1.5031,-3.3596,5,-1.7779,-1.7589,3.9819,0.693,0.66095,0.81828,0.76386,0.107
4.0887,4.2263,4.8741,4.2021,3.3656,4.4369,0.693,1.9017,1.7877,1.3279,0.107
-1.5033,-3.348,5,-1.778,-1.7581,3.9821,0.693,0.6611,0.81829,0.76359,0.107
-1.5036,-3.3382,5,-1.7779,-1.7575,3.9821,0.693,0.66124,0.81845,0.76342,0.107
-1.5033,-3.3531,5,-1.7779,-1.7584,3.982,0.693,0.66106,0.81836,0.76372,0.107
-1.6186,5,0.066202,-1.588,3.8623,4.1359,0.693,0.9599,0.72479,0.61387,0.107
-1.5034,-3.335,5,-1.7782,-1.7576,3.9821,0.693,0.66121,0.81821,0.76325,0.107
-1.5035,-3.3425,5,-1.7779,-1.7577,3.9822,0.693,0.66116,0.81835,0.76344,0.107
-1.6175,5,0.065593,-1.5893,3.7052,4.136,0.693,0.95887,0.7253,0.61429,0.107
-1.5033,-3.3481,5,-1.778,-1.7581,3.9821,0.693,0.66109,0.81837,0.76353,0.107
-1.6486,-0.76574,0.078362,-1.5769,4.1951,4.1137,0.693,1.0057,0.68761,0.60346,0.107
2.7723,1.7513,3.2732,4.5431,4.5645,4.8048,0.693,1.9017,1.7877,1.3278,0.107
-1.5034,-3.3479,5,-1.7779,-1.758,3.9821,0.693,0.66107,0.81841,0.76359,0.107
-1.5034,-3.3487,5,-1.7779,-1.7581,3.9821,0.693,0.6611,0.81836,0.76361,0.107
-1.5036,-3.3385,5,-1.7779,-1.7575,3.9822,0.693,0.6612,0.81837,0.76336,0.107
-1.5036,-3.3418,5,-1.7779,-1.7577,3.982,0.693,0.66128,0.8184,0.76351,0.107
-1.5036,-3.3388,5,-1.7779,-1.7574,3.9822,0.693,0.6612,0.81834,0.76335,0.107
-1.5034,-3.3474,5,-1.7778,-1.758,3.9821,0.693,0.66105,0.81843,0.76357,0.107
-1.4504,3.8205,-1.9216,-1.8041,-1.8975,3.966,0.693,0.57093,0.88142,1.0295,0.107
-1.5029,-3.3662,5,-1.778,-1.7594,3.9818,0.693,0.66086,0.81816,0.76397,0.107
-1.5034,-3.3461,5,-1.7779,-1.758,3.9821,0.693,0.66114,0.8184,0.76357,0.107
-1.5225,-5,-2.0306,-1.8312,-1.6766,3.941,0.693,0.53663,0.83246,0.82544,0.107
-1.5032,-3.3557,5,-1.7779,-1.7586,3.982,0.693,0.66101,0.81833,0.76376,0.107
-1.6195,5,0.067914,-1.5869,4.3389,4.1357,0.693,0.96083,0.72446,0.61341,0.107
-1.6185,5,0.066217,-1.588,2.7788,4.1361,0.693,0.95956,0.72514,0.61373,0.107
-1.5035,-3.3422,5,-1.7778,-1.7576,3.9822,0.693,0.66114,0.81847,0.76341,0.107
-1.5035,-3.3344,5,-1.778,-1.7577,3.9821,0.693,0.66119,0.81845,0.76344,0.107
-1.5035,-3.3426,5,-1.7779,-1.7577,3.9822,0.693,0.66116,0.81844,0.76345,0.107
1.76,2.9847,-3.3301,4.0974,2.3255,1.296,0.693,1.9017,1.7877,1.3279,0.107
-1.5035,-3.3423,4.9996,-1.7779,-1.7577,3.9821,0.693,0.66137,0.81825,0.76362,0.107
-1.0241,-1.939,0.29224,-2.0297,3.6591,4.1307,0.693,1.066,0.74493,0.61181,0.107
0.70743,-3.7555,2.5718,-3.6335,-4.9674,-0.29995,0.693,1.9017,1.7877,1.3278,0.107
-1.5035,-3.3431,5,-1.7778,-1.7577,3.9823,0.693,0.66113,0.81845,0.76342,0.107
-1.5029,-3.3695,5,-1.778,-1.7597,3.9816,0.693,0.66084,0.81809,0.76414,0.107
-1.5034,-3.3521,5,-1.7779,-1.7583,3.982,0.693,0.66096,0.81835,0.76368,0.107
-1.5032,-3.3548,5,-1.778,-1.7585,3.982,0.693,0.66079,0.81816,0.76365,0.107
-1.5032,-3.3566,5,-1.7779,-1.7586,3.982,0.693,0.661,0.8183,0.76378,0.107
-1.5219,-5,-2.0289,-1.8314,-1.6779,3.9411,0.693,0.53683,0.83231,0.82558,0.107
-1.5035,-3.3443,5,-1.7779,-1.7579,3.982,0.693,0.66101,0.81833,0.76359,0.107
-1.5034,-3.3477,5,-1.7778,-1.758,3.9822,0.693,0.66108,0.81846,0.76356,0.107
-1.5639,-3.2187,5,5,-1.8988,4.3552,0.693,0.93827,0.83845,1.1069,0.107
-1.5638,-3.2214,4.9999,4.9983,-1.8989,4.355,0.693,0.93845,0.83829,1.1066,0.107
-1.4843,0.10004,4.6776,0.88981,-1.9242,4.3899,0.693,0.92502,0.83186,1.3244,0.107
-1.5031,-3.3602,5,-1.7779,-1.759,3.9819,0.693,0.66101,0.81815,0.76369,0.107
-1.5034,-3.3493,5,-1.7779,-1.7582,3.982,0.693,0.6611,0.81837,0.76363,0.107
-1.5029,-3.3626,5,-1.7779,-1.7592,3.982,0.693,0.66087,0.81831,0.7639,0.107
-1.5036,-3.3397,5,-1.7779,-1.7575,3.9824,0.693,0.66116,0.81851,0.76333,0.107
-1.5637,-3.2186,5,5,-1.899,4.3551,0.693,0.93838,0.83833,1.1067,0.107
-1.5034,-3.3486,5,-1.7779,-1.7581,3.982,0.693,0.661,0.81835,0.7636,0.107
-1.4382,1.9244,4.9995,-1.8174,-1.8595,4.006,0.693,0.70122,0.89242,0.95546,0.107
-1.5036,-3.3413,5,-1.7779,-1.7576,3.9822,0.693,0.6612,0.81846,0.76336,0.107
-1.5035,-3.343,5,-1.7779,-1.7577,3.9824,0.693,0.66113,0.81864,0.76344,0.107
-1.503,-3.3611,5,-1.7779,-1.759,3.9821,0.693,0.66089,0.81841,0.76385,0.107
-1.0241,-1.9391,0.29218,-2.0297,3.9556,4.1307,0.693,1.0657,0.74489,0.61181,0.107
-1.5034,-3.3438,5,-1.7778,-1.7577,3.9823,0.693,0.66111,0.81853,0.76342,0.107
-1.5036,-3.3389,5,-1.7779,-1.7575,3.9823,0.693,0.6612,0.81851,0.76337,0.107
-1.5232,-5,-2.0339,-1.831,-1.6743,3.9412,0.693,0.53687,0.83281,0.82512,0.107
-1.5031,-3.3603,5,-1.7779,-1.7589,3.9821,0.693,0.66093,0.81852,0.76387,0.107
-1.5034,-3.3466,5,-1.7779,-1.758,3.9821,0.693,0.66114,0.81841,0.76358,0.107
-4.781,-4.683,3.7805,-4.7595,4.0354,3.8635,0.693,1.4811,1.6591,1.0699,0.107
-1.5034,-3.3473,5,-1.7779,-1.7581,3.982,0.693,0.66108,0.81833,0.76359,0.107
-1.4504,5,-1.9217,-1.804,-1.8975,3.966,0.693,0.57092,0.88153,1.0295,0.107
-1.6184,4.9998,0.066097,-1.5882,4.4876,4.1359,0.693,0.95989,0.72487,0.61396,0.107
-1.5033,-3.3514,5,-1.7779,-1.7584,3.9821,0.693,0.66104,0.81835,0.76368,0.107
-1.6186,4.9998,0.066697,-1.5879,4.0843,4.1359,0.693,0.95984,0.725,0.6142,0.107
-1.4842,0.099805,4.7809,0.89011,-1.9243,4.39,0.693,0.92497,0.8319,1.3244,0.107
-1.6184,5,0.064562,-1.5881,4.1255,4.1362,0.693,0.95962,0.72502,0.61383,0.107
-1.5033,-3.3336,5,-1.7783,-1.7575,3.9823,0.693,0.66131,0.81884,0.76344,0.107
-1.5034,-3.3466,5,-1.7779,-1.758,3.9821,0.693,0.66107,0.8184,0.76357,0.107
-1.6182,5,0.065627,-1.5885,3.4278,4.1359,0.693,0.95936,0.72512,0.61393,0.107
-1.0241,-1.939,0.29207,-2.0297,3.5977,4.1308,0.693,1.0661,0.74487,0.61168,0.107
-1.5035,-3.3428,5,-1.7779,-1.7577,3.9822,0.693,0.66116,0.81847,0.76346,0.107
-1.5034,-3.3474,5,-1.7779,-1.758,3.9821,0.693,0.66112,0.81839,0.7636,0.107
-1.5035,-3.3415,5,-1.7779,-1.7577,3.9822,0.693,0.66117,0.81842,0.76344,0.107
-1.5036,-3.3397,5,-1.7779,-1.7575,3.9824,0.693,0.66115,0.81853,0.76334,0.107
-1.5031,-3.3598,4.9998,-1.778,-1.7589,3.982,0.693,0.66097,0.81827,0.76377,0.107
-1.5036,-3.3438,5,-1.7779,-1.7578,3.982,0.693,0.66127,0.81831,0.76335,0.107
-1.5033,-3.3534,5,-1.7779,-1.7585,3.982,0.693,0.66106,0.81841,0.76369,0.107
-1.5036,-3.34,5,-1.7779,-1.7575,3.9821,0.693,0.66121,0.81838,0.76342,0.107
-1.5033,-3.3591,4.9998,-1.7778,-1.7588,3.9819,0.693,0.6611,0.81832,0.76383,0.107
-1.0241,-1.939,0.29212,-2.0297,3.7665,4.1308,0.693,1.0661,0.74483,0.61177,0.107
-1.5033,-3.3504,5,-1.7779,-1.7583,3.982,0.693,0.66107,0.81834,0.76367,0.107
4.6826,3.1237,-3.9892,3.0391,-1.7205,-4.8878,0.693,1.9017,1.7877,1.3279,0.107
-1.0241,-1.9389,0.29232,-2.0296,3.6916,4.1308,0.693,1.066,0.74489,0.61178,0.107
-1.5036,-3.3402,5,-1.7779,-1.7575,3.9822,0.693,0.66119,0.81845,0.76341,0.107
-0.52889,-2.851,3.747,0.35221,-0.22916,5,0.693,1.8605,1.7695,0.40959,0.107
-1.5035,-3.348,5,-1.7779,-1.7584,3.9818,0.693,0.66126,0.81824,0.76377,0.107
-1.4841,0.099522,5,0.89117,-1.9244,4.3902,0.693,0.9247,0.83215,1.3244,0.107
-1.5034,-3.3454,5,-1.7778,-1.7578,3.9823,0.693,0.66109,0.81852,0.76346,0.107
-4.5135,-4.7544,4.8996,-4.912,4.9293,3.8636,0.693,1.4812,1.6592,1.07,0.107
-1.5033,-3.3548,5,-1.7779,-1.7585,3.982,0.693,0.66107,0.81825,0.76375,0.107
-1.5035,-3.3435,5,-1.7779,-1.7578,3.9821,0.693,0.66117,0.81845,0.7635,0.107
-1.5034,-3.3467,5,-1.7779,-1.758,3.9821,0.693,0.66114,0.8184,0.76358,0.107
4.539,2.1457,3.4284,3.2684,4.471,-4.1144,0.693,1.9016,1.7878,1.3279,0.107
3.9346,2.3861,2.1067,2.2817,4.2173,-3.2718,0.693,1.9016,1.7878,1.3279,0.107
-1.6486,-0.76582,0.078319,-1.5769,4.8635,4.1137,0.693,1.0057,0.6876,0.60345,0.107
-0.79608,-4.3751,0.68883,-3.4428,-4.9659,-1.2353,0.693,1.9017,1.7877,1.3278,0.107
-1.0238,-1.939,0.29259,-2.0297,4.0018,4.1309,0.693,1.0662,0.74485,0.61171,0.107
-1.5034,-3.349,5,-1.7779,-1.7581,3.982,0.693,0.66113,0.81837,0.76365,0.107
-1.5036,-3.3388,5,-1.7779,-1.7575,3.9823,0.693,0.66119,0.81843,0.76335,0.107
-1.4842,0.099519,4.9774,0.88954,-1.9242,4.3903,0.693,0.92473,0.83215,1.3244,0.107
-1.5035,-3.3418,5,-1.7778,-1.7576,3.9822,0.693,0.66117,0.81846,0.76343,0.107
-1.5035,-3.3444,5,-1.7779,-1.7578,3.9822,0.693,0.66114,0.81856,0.76351,0.107
-1.6188,5,0.067399,-1.5879,3.2009,4.1357,0.693,0.95998,0.72443,0.61361,0.107
-1.5032,-3.3533,5,-1.7779,-1.7586,3.982,0.693,0.66102,0.81828,0.76375,0.107
4.1821,2.6873,2.6864,4.0022,3.469,-3.6884,0.693,1.9016,1.7878,1.3279,0.107
-1.5035,-3.3418,5,-1.7778,-1.7576,3.9822,0.693,0.66117,0.81846,0.76343,0.107
-1.5036,-3.3403,5,-1.7779,-1.7576,3.9821,0.693,0.66137,0.81842,0.76348,0.107
-1.5035,-3.3423,5,-1.7779,-1.7577,3.9822,0.693,0.66118,0.81843,0.76346,0.107
-1.5028,-3.3618,5,-1.7782,-1.7592,3.982,0.693,0.66113,0.81821,0.76398,0.107
-1.0241,-1.9383,0.29222,-2.0297,3.8853,4.1308,0.693,1.0659,0.74489,0.61191,0.107
-1.5034,-3.349,5,-1.7779,-1.7581,3.982,0.693,0.66112,0.81836,0.76366,0.107
-1.0243,-1.9373,0.2927,-2.0299,3.8114,4.1307,0.693,1.0657,0.74488,0.61191,0.107
3.6226,-3.4296,-1.9129,4.993,3.1276,-4.5068,0.693,1.9017,1.7877,1.3278,0.107
-1.4653,-2.6598,-2.7672,5,-1.9008,4.3807,0.693,0.56169,0.89421,1.2455,0.107
-1.5029,-3.3694,5,-1.778,-1.7596,3.9817,0.693,0.66077,0.81811,0.76413,0.107
-1.5031,-3.3579,5,-1.7779,-1.7588,3.982,0.693,0.66099,0.81828,0.76382,0.107
-1.2615,0.20793,-3.4795,5,-1.7676,4.4486,0.693,0.61524,0.9013,1.3684,0.107
-4.8145,-4.7037,3.1523,-4.8119,3.6974,3.8637,0.693,1.4811,1.6591,1.0698,0.107
-1.5031,-3.3588,4.9994,-1.7779,-1.7588,3.982,0.693,0.66097,0.81814,0.76392,0.107
-1.5035,-3.3459,5,-1.7779,-1.758,3.982,0.693,0.66106,0.81832,0.76357,0.107
-1.5035,-3.3421,5,-1.7779,-1.7577,3.9823,0.693,0.66115,0.81864,0.76345,0.107
-1.5637,-3.221,4.9998,5,-1.8989,4.3551,0.693,0.93842,0.83838,1.1067,0.107
4.4117,3.9895,3.3383,4.6946,4.2052,-3.3231,0.693,1.9016,1.7878,1.3279,0.107
2.598,-4.2945,2.3321,0.54119,0.73317,-4.3662,0.693,1.9016,1.7877,1.3278,0.107
-1.503,-3.3607,5,-1.778,-1.7589,3.982,0.693,0.66098,0.81833,0.76384,0.107
-1.0242,-1.9391,0.29183,-2.0296,3.7429,4.1307,0.693,1.0659,0.74482,0.6117,0.107
-1.5033,-3.3494,5,-1.7779,-1.7581,3.9821,0.693,0.6611,0.81841,0.76361,0.107
-1.5032,-3.3545,5,-1.778,-1.7585,3.982,0.693,0.66104,0.81838,0.76371,0.107
-1.0244,-1.937,0.29214,-2.03,3.917,4.1307,0.693,1.0659,0.74488,0.61188,0.107
-1.4843,0.099896,5,0.88773,-1.9241,4.3902,0.693,0.92476,0.83214,1.3245,0.107
-1.5035,-3.3439,5,-1.7779,-1.7579,3.982,0.693,0.66125,0.81836,0.76357,0.107
-1.6186,5,0.066173,-1.588,3.6445,4.1359,0.693,0.95979,0.72491,0.61377,0.107
-1.6486,-0.76576,0.07854,-1.5769,4.0452,4.1137,0.693,1.0056,0.68761,0.60346,0.107
-1.5034,-3.3561,4.9997,-1.7777,-1.7587,3.9819,0.693,0.66097,0.81809,0.76388,0.107
-1.5034,-3.3481,5,-1.7779,-1.758,3.9821,0.693,0.66111,0.81844,0.76359,0.107
-1.024,-1.939,0.2919,-2.0296,3.9039,4.1308,0.693,1.0659,0.74493,0.61188,0.107
-1.5035,-3.3429,5,-1.7778,-1.7576,3.9823,0.693,0.66112,0.81851,0.7634,0.107
-1.5033,-3.3517,5,-1.7779,-1.7583,3.982,0.693,0.66104,0.81835,0.76367,0.107
-1.5031,-3.36,5,-1.7779,-1.7589,3.9819,0.693,0.66096,0.81819,0.76389,0.107
-1.4507,5,-1.9224,-1.8035,-1.8976,3.9659,0.693,0.57092,0.88182,1.0298,0.107
-1.4725,-2.6434,-2.7653,5,-1.8998,4.3794,0.693,0.5623,0.89295,1.2464,0.107
4.384,1.2554,3.47,2.4998,4.376,-2.7866,0.693,1.9016,1.7878,1.3279,0.107
-1.0243,-1.9391,0.29151,-2.0295,4.0076,4.1307,0.693,1.0662,0.74512,0.61184,0.107
-1.4505,5,-1.9218,-1.8039,-1.8975,3.9659,0.693,0.57088,0.88138,1.0293,0.107
-1.5034,-3.3474,5,-1.7779,-1.758,3.9821,0.693,0.66105,0.81842,0.76357,0.107
-1.5035,-3.3449,5,-1.7779,-1.7578,3.9822,0.693,0.66113,0.81841,0.76343,0.107
-1.5031,-3.3598,4.8906,-1.778,-1.759,3.9819,0.693,0.66095,0.81826,0.76388,0.107
-1.5029,-3.3666,5,-1.778,-1.7594,3.9818,0.693,0.66084,0.8182,0.76402,0.107
-1.0241,-1.9389,0.29207,-2.0297,3.6997,4.1308,0.693,1.066,0.74479,0.61191,0.107
-1.5036,-3.3421,5,-1.778,-1.7578,3.9819,0.693,0.66133,0.81831,0.76358,0.107
-1.5034,-3.3453,5,-1.7779,-1.7579,3.9822,0.693,0.66112,0.81838,0.76352,0.107
-1.5034,-3.3475,5,-1.7779,-1.7581,3.982,0.693,0.66113,0.81836,0.76363,0.107
-1.5036,-3.3409,5,-1.7779,-1.7577,3.9822,0.693,0.66116,0.81837,0.76345,0.107
-1.5035,-3.3426,5,-1.7779,-1.7577,3.9822,0.693,0.66117,0.81843,0.76346,0.107
-1.5031,-3.3584,5,-1.7779,-1.7588,3.982,0.693,0.66087,0.81835,0.76382,0.107
-1.5637,-3.221,5,4.9336,-1.8989,4.3551,0.693,0.93837,0.83841,1.1067,0.107
-1.5035,-3.3429,5,-1.7778,-1.7577,3.9822,0.693,0.66115,0.81848,0.76345,0.107
-1.5036,-3.343,5,-1.7779,-1.7577,3.9822,0.693,0.66121,0.81863,0.76357,0.107
-1.0241,-1.9391,0.29194,-2.0296,4.1026,4.1308,0.693,1.066,0.74491,0.61188,0.107
-1.503,-3.3611,5,-1.778,-1.759,3.982,0.693,0.66096,0.81837,0.76382,0.107
-1.619,5,0.064924,-1.5874,3.4791,4.136,0.693,0.96019,0.72482,0.61341,0.107
-1.5032,-3.3566,5,-1.7779,-1.7586,3.982,0.693,0.66102,0.81832,0.76379,0.107
-1.5031,-3.3576,4.9993,-1.7779,-1.7587,3.982,0.693,0.66097,0.81833,0.76381,0.107
-1.5033,-3.3509,5,-1.7779,-1.7583,3.982,0.693,0.66094,0.81838,0.76369,0.107
-1.5037,-3.3376,5,-1.7779,-1.7574,3.9821,0.693,0.66121,0.81847,0.7634,0.107
-1.5035,-3.344,5,-1.7778,-1.7578,3.9823,0.693,0.66113,0.81855,0.76348,0.107
-1.5034,-3.3499,4.9998,-1.7779,-1.7581,3.9821,0.693,0.66112,0.8184,0.76361,0.107
-1.619,5,0.066582,-1.5873,3.5811,4.136,0.693,0.96029,0.72513,0.61365,0.107
-1.6181,5,0.065718,-1.5886,3.0839,4.136,0.693,0.95932,0.72516,0.61397,0.107
-1.5034,-3.349,5,-1.7779,-1.7582,3.982,0.693,0.66107,0.81834,0.76364,0.107
-1.5037,-3.339,5,-1.7779,-1.7573,3.9822,0.693,0.66115,0.81866,0.76343,0.107
-1.5034,-3.3477,5,-1.7779,-1.758,3.982,0.693,0.66111,0.81838,0.76361,0.107
-1.5036,-3.3396,5,-1.7779,-1.7575,3.9824,0.693,0.66116,0.81854,0.76333,0.107
-1.5034,-3.3457,5,-1.7778,-1.7582,3.982,0.693,0.66072,0.81833,0.76369,0.107
-1.0239,-1.939,0.29248,-2.0298,3.8782,4.1309,0.693,1.0665,0.74477,0.61171,0.107
-1.5036,-3.3419,5,-1.7779,-1.7576,3.9822,0.693,0.66118,0.81846,0.76346,0.107
-1.024,-1.9394,0.29222,-2.0296,3.9373,4.1309,0.693,1.0661,0.74503,0.61195,0.107
-1.024,-1.9393,0.29217,-2.0296,3.7703,4.1308,0.693,1.0661,0.7448,0.61175,0.107
-1.0239,-1.9391,0.29233,-2.0297,4.0479,4.1309,0.693,1.066,0.74488,0.61178,0.107
-1.5034,-3.3472,5,-1.7779,-1.758,3.9822,0.693,0.66108,0.81845,0.76356,0.107
-1.6186,5,0.066327,-1.588,4.1057,4.1358,0.693,0.96007,0.72497,0.61374,0.107
-1.5033,-3.3531,4.9973,-1.7779,-1.7584,3.982,0.693,0.66102,0.81845,0.76374,0.107
-1.4843,0.099655,4.5982,0.88978,-1.9242,4.3902,0.693,0.92482,0.83203,1.3244,0.107
-1.5034,-3.345,5,-1.7778,-1.7578,3.9822,0.693,0.66113,0.81851,0.76351,0.107
-1.5034,-3.348,5,-1.7779,-1.7581,3.982,0.693,0.66108,0.81838,0.76361,0.107
-1.5031,-3.362,5,-1.7779,-1.759,3.9819,0.693,0.6609,0.81826,0.76391,0.107
-1.5032,-3.3556,4.9991,-1.7779,-1.7586,3.982,0.693,0.66115,0.81832,0.7637,0.107
-1.4382,2.0309,4.9996,-1.8174,-1.8595,4.006,0.693,0.70137,0.89225,0.95526,0.107
-1.0241,-1.9392,0.29151,-2.0296,4.0697,4.1308,0.693,1.066,0.74495,0.61186,0.107
-1.5033,-3.35,5,-1.7778,-1.7581,3.9821,0.693,0.66106,0.81841,0.76356,0.107
-1.5034,-3.3464,5,-1.7779,-1.758,3.9821,0.693,0.66114,0.81841,0.76358,0.107
-1.4843,0.099185,4.1113,0.8905,-1.9242,4.3902,0.693,0.92482,0.83209,1.3243,0.107
-1.5033,-3.3548,5,-1.7779,-1.7586,3.982,0.693,0.66103,0.8185,0.76383,0.107
-1.6487,-0.76604,0.078436,-1.5769,4.0134,4.1137,0.693,1.0057,0.68759,0.60344,0.107
-1.5033,-3.3523,5,-1.7779,-1.7584,3.9819,0.693,0.66111,0.81831,0.76374,0.107
-1.5243,-5,-2.0387,-1.8304,-1.6713,3.9412,0.693,0.53655,0.83316,0.82485,0.107
-1.5036,-3.3437,5,-1.7779,-1.7578,3.9819,0.693,0.66131,0.81835,0.76355,0.107
4.5247,2.8529,-1.931,3.3456,2.584,-4.1361,0.693,1.9016,1.7877,1.3279,0.107
-1.619,5,0.06632,-1.5874,4.5743,4.136,0.693,0.95994,0.72494,0.61364,0.107
-1.5035,-3.3429,5,-1.7778,-1.7577,3.9822,0.693,0.66114,0.81844,0.76343,0.107
-1.5035,-3.3419,5,-1.7779,-1.7576,3.9822,0.693,0.66117,0.81843,0.76344,0.107
-1.4383,2.09,5,-1.8173,-1.8592,4.0062,0.693,0.7009,0.89254,0.95506,0.107
-1.5035,-3.3429,5,-1.7779,-1.7577,3.9822,0.693,0.66113,0.81824,0.76339,0.107
4.0536,-4.2496,2.9986,4.5394,4.5263,-3.9668,0.693,1.9016,1.7877,1.3278,0.107
-1.5034,-3.3468,5,-1.7779,-1.7579,3.9823,0.693,0.66108,0.81851,0.76352,0.107
-1.0243,-1.9372,0.29211,-2.0299,3.9036,4.1307,0.693,1.0661,0.74493,0.61171,0.107
-1.5033,-3.349,5,-1.7779,-1.7581,3.9821,0.693,0.6611,0.81842,0.76362,0.107
-1.0241,-1.939,0.29221,-2.0296,3.9249,4.1308,0.693,1.0659,0.74486,0.61195,0.107
-1.5033,-3.3528,5,-1.7778,-1.7584,3.982,0.693,0.66113,0.81828,0.76387,0.107
-1.4382,3.129,4.9071,-1.8173,-1.8595,4.006,0.693,0.70111,0.8924,0.95537,0.107
-1.5032,-3.353,5,-1.7779,-1.7585,3.9821,0.693,0.66101,0.81835,0.76371,0.107
-1.5033,-3.3522,4.9909,-1.7779,-1.7583,3.982,0.693,0.66112,0.81828,0.7636,0.107
-1.5031,-3.3607,5,-1.778,-1.7589,3.9819,0.693,0.66093,0.81823,0.76389,0.107
-1.5035,-3.3439,5,-1.7779,-1.7578,3.9821,0.693,0.66117,0.81855,0.76353,0.107
-1.5035,-3.3424,5,-1.7779,-1.7577,3.9822,0.693,0.66116,0.81846,0.76345,0.107
-1.5034,-3.3447,5,-1.7778,-1.7578,3.9822,0.693,0.66112,0.81853,0.7635,0.107
-1.5029,-3.3683,5,-1.7779,-1.7594,3.9819,0.693,0.66086,0.81805,0.76389,0.107
-1.5034,-3.3465,5,-1.7779,-1.758,3.9821,0.693,0.66109,0.8184,0.76357,0.107
-1.5034,-3.3456,5,-1.7779,-1.7579,3.9821,0.693,0.66115,0.81841,0.76356,0.107
-1.5034,-3.349,5,-1.7779,-1.7582,3.9821,0.693,0.66109,0.81834,0.7636,0.107
-1.5036,-3.3395,5,-1.7779,-1.7575,3.9823,0.693,0.66118,0.81848,0.76334,0.107
-1.5034,-3.3513,5,-1.7779,-1.7583,3.9819,0.693,0.66114,0.81833,0.76371,0.107
-1.5034,-3.3466,5,-1.7779,-1.7581,3.9822,0.693,0.66109,0.81839,0.76355,0.107
-1.5035,-3.3422,5,-1.7779,-1.7577,3.9822,0.693,0.66116,0.8184,0.76343,0.107
-3.9277,-4.4095,4.4664,-4.0007,4.9943,3.8638,0.693,1.4799,1.659,1.0703,0.107
-1.4385,1.045,5,-1.8169,-1.8593,4.0061,0.693,0.70099,0.89286,0.95537,0.107
-1.5034,-3.3457,5,-1.7778,-1.7578,3.9823,0.693,0.66109,0.81853,0.76347,0.107
-1.5034,-3.3471,5,-1.7779,-1.758,3.9821,0.693,0.6611,0.81844,0.76357,0.107
-1.5031,-3.3582,5,-1.7779,-1.7588,3.982,0.693,0.66099,0.81836,0.76383,0.107
-1.5227,-5,-2.0326,-1.8312,-1.6753,3.9412,0.693,0.53689,0.83262,0.82526,0.107
-1.6486,-0.76574,0.078356,-1.5769,4.6081,4.1137,0.693,1.0056,0.68764,0.60345,0.107
-1.4383,3.0585,4.8577,-1.8172,-1.8596,4.006,0.693,0.70113,0.89235,0.95526,0.107
-1.5035,-3.3458,5,-1.778,-1.758,3.9818,0.693,0.66105,0.81825,0.76364,0.107
-1.5035,-3.3423,5,-1.7779,-1.7577,3.9822,0.693,0.66116,0.81845,0.76343,0.107
-1.5034,-3.3488,4.9997,-1.7779,-1.7582,3.982,0.693,0.66105,0.81834,0.76377,0.107
-1.5035,-3.344,5,-1.7779,-1.7578,3.9822,0.693,0.66115,0.81846,0.7635,0.107
-1.5036,-3.3369,5,-1.7779,-1.7574,3.9822,0.693,0.66125,0.81829,0.76325,0.107
-1.5036,-3.3404,5,-1.7779,-1.7575,3.9822,0.693,0.66118,0.81842,0.76339,0.107
-1.5034,-3.3477,5,-1.7779,-1.758,3.9821,0.693,0.66107,0.81843,0.76357,0.107
-1.5033,-3.35,5,-1.7779,-1.7582,3.9821,0.693,0.66101,0.81835,0.76367,0.107
-1.0241,-1.939,0.29207,-2.0296,3.7723,4.1308,0.693,1.066,0.74492,0.61187,0.107
-1.5036,-3.3393,5,-1.7779,-1.7575,3.9822,0.693,0.66122,0.81844,0.76341,0.107
-1.5033,-3.3497,5,-1.7779,-1.7582,3.9821,0.693,0.66109,0.81835,0.76364,0.107
-1.5034,-3.3475,5,-1.7779,-1.7581,3.9821,0.693,0.66112,0.81832,0.76349,0.107
-1.6486,-0.76596,0.078328,-1.5769,3.9932,4.1137,0.693,1.0056,0.68763,0.60343,0.107
-1.5034,-3.3486,5,-1.7779,-1.7581,3.9821,0.693,0.66102,0.8184,0.76361,0.107
-1.5692,-5,-2.21,-1.7858,5,4.1977,0.693,0.61456,0.8479,0.52768,0.107
-1.4382,1.3465,5,-1.8175,-1.8594,4.0062,0.693,0.70131,0.8922,0.95522,0.107
-1.5032,-3.358,5,-1.7778,-1.7587,3.9821,0.693,0.66096,0.81836,0.76381,0.107
-1.5034,-3.3499,5,-1.7779,-1.7581,3.982,0.693,0.66107,0.81825,0.76364,0.107
-1.0239,-1.9389,0.29242,-2.0296,3.5417,4.131,0.693,1.0656,0.74466,0.61211,0.107
-1.5034,-3.349,5,-1.7779,-1.7582,3.982,0.693,0.66112,0.81838,0.76364,0.107
3.0284,3.4122,3.141,1.4525,0.77661,-4.9235,0.693,1.9016,1.7878,1.3279,0.107
-1.5035,-3.3495,5,-1.7779,-1.7578,3.982,0.693,0.66117,0.81837,0.76358,0.107
-1.4382,2.8892,4.4525,-1.8173,-1.8595,4.006,0.693,0.70119,0.89237,0.95534,0.107
-1.5262,-5,-2.0422,-1.8295,-1.6676,3.9415,0.693,0.53662,0.83359,0.82428,0.107
-1.5031,-3.3576,4.9994,-1.778,-1.7586,3.982,0.693,0.66099,0.81836,0.76375,0.107
-1.5033,-3.3517,5,-1.7779,-1.7584,3.982,0.693,0.66112,0.81843,0.76368,0.107
-1.5033,-3.3511,4.9998,-1.7779,-1.7583,3.982,0.693,0.66105,0.81838,0.76363,0.107
-1.5031,-3.3588,5,-1.7779,-1.7589,3.982,0.693,0.66094,0.8183,0.7638,0.107
-1.4382,3.3722,5,-1.8173,-1.8596,4.006,0.693,0.70122,0.89238,0.95541,0.107
-1.4503,3.4052,-1.9215,-1.8041,-1.8975,3.966,0.693,0.57101,0.88156,1.0295,0.107
4.1015,-3.9251,3.0364,0.032627,-0.60557,-4.9522,0.693,1.9016,1.7877,1.3279,0.107
-1.5034,-3.347,5,-1.7779,-1.758,3.9821,0.693,0.66108,0.81841,0.76357,0.107
-1.5031,-3.3608,5,-1.7779,-1.7589,3.9819,0.693,0.66099,0.81827,0.76385,0.107
-1.5032,-3.3569,5,-1.7779,-1.7587,3.982,0.693,0.661,0.81831,0.7638,0.107
-1.5035,-3.3448,5,-1.7779,-1.7578,3.9822,0.693,0.66113,0.81854,0.76351,0.107
-1.5638,-3.2214,5,4.9988,-1.8989,4.3551,0.693,0.93849,0.83833,1.1067,0.107
-1.5036,-3.3392,5,-1.7779,-1.7575,3.9823,0.693,0.66118,0.81847,0.76336,0.107
-1.6184,4.998,0.066056,-1.5882,4.4241,4.1359,0.693,0.95982,0.72499,0.61386,0.107
-1.5031,-3.3569,4.9962,-1.778,-1.7587,3.982,0.693,0.66095,0.81833,0.76381,0.107
-1.5031,-3.3625,5,-1.7779,-1.7592,3.9817,0.693,0.66115,0.81816,0.76401,0.107
-1.0242,-1.9391,0.29186,-2.0296,4.008,4.1307,0.693,1.066,0.74492,0.61187,0.107
1.0671,3.629,1.3996,3.412,2.883,3.0956,0.693,1.9015,1.7877,1.3279,0.107
-1.5034,-3.3474,5,-1.7779,-1.758,3.982,0.693,0.66108,0.81836,0.7636,0.107
-1.6487,-0.76604,0.078334,-1.5768,4.7661,4.1137,0.693,1.0057,0.68759,0.60344,0.107
-1.0241,-1.9389,0.29247,-2.0296,3.5166,4.1308,0.693,1.0656,0.74488,0.61201,0.107
-1.5029,-3.3661,5,-1.778,-1.7594,3.9818,0.693,0.66092,0.81825,0.76405,0.107
-1.5034,-3.3491,5,-1.7779,-1.7582,3.982,0.693,0.66111,0.81838,0.76364,0.107
4.7247,-4.4351,3.5927,-3.0238,3.1252,-3.5912,0.693,1.9017,1.7877,1.3279,0.107
-1.4843,0.099911,4.3199,0.88994,-1.9242,4.39,0.693,0.92495,0.83191,1.3244,0.107
-1.5033,-3.3453,5,-1.778,-1.758,3.9822,0.693,0.66111,0.81842,0.76354,0.107
-1.5035,-3.3421,5,-1.7778,-1.7576,3.9822,0.693,0.66117,0.81841,0.76344,0.107
-0.52888,-2.851,3.892,0.35141,-0.22918,5,0.693,1.8604,1.7697,0.40967,0.107
-1.5033,-3.3568,4.9986,-1.7779,-1.7585,3.982,0.693,0.66109,0.81834,0.76364,0.107
-1.5034,-3.3453,5,-1.7779,-1.7579,3.9822,0.693,0.66112,0.8185,0.76352,0.107
-1.5035,-3.3429,5,-1.7778,-1.7577,3.9822,0.693,0.66114,0.81848,0.76344,0.107
-1.5036,-3.3402,5,-1.7779,-1.7576,3.9822,0.693,0.66119,0.81842,0.76335,0.107
-1.5031,-3.3585,5,-1.778,-1.7588,3.982,0.693,0.66097,0.81832,0.76379,0.107
-1.5034,-3.3455,5,-1.7779,-1.7579,3.9821,0.693,0.66114,0.81842,0.76354,0.107
-1.5034,-3.348,5,-1.7779,-1.7581,3.9821,0.693,0.66114,0.81843,0.76355,0.107
-1.6184,5,0.06594,-1.5882,4.3312,4.136,0.693,0.95977,0.72499,0.61382,0.107
-1.5036,-3.3395,5,-1.7779,-1.7576,3.9823,0.693,0.66119,0.81845,0.7634,0.107
-1.5036,-3.3396,5,-1.7779,-1.7576,3.9822,0.693,0.66118,0.81825,0.76338,0.107
-1.6185,5,0.066207,-1.588,3.3928,4.1359,0.693,0.95981,0.72505,0.6138,0.107
-1.5036,-3.3408,5,-1.7778,-1.7575,3.9824,0.693,0.66113,0.81835,0.76332,0.107
-1.521,-5,-2.0257,-1.832,-1.6804,3.9408,0.693,0.53696,0.83189,0.82596,0.107
-1.6187,5,0.067185,-1.5881,4.1108,4.1357,0.693,0.96018,0.72473,0.61373,0.107
-1.5638,-3.2209,5,4.9975,-1.8989,4.355,0.693,0.93845,0.83831,1.1067,0.107
-1.0241,-1.9391,0.29221,-2.0296,3.8167,4.1308,0.693,1.0659,0.74492,0.61205,0.107
-1.5035,-3.3417,5,-1.7779,-1.7576,3.9822,0.693,0.66118,0.81844,0.76344,0.107
-1.6486,-0.76581,0.07821,-1.5769,3.913,4.1138,0.693,1.0056,0.68763,0.60344,0.107
-1.5033,-3.3515,5,-1.7779,-1.7583,3.9819,0.693,0.66116,0.81828,0.76368,0.107
-1.5228,-5,-2.0318,-1.8311,-1.6756,3.9411,0.693,0.53675,0.83256,0.82531,0.107
-1.6185,4.9995,0.066001,-1.588,3.5619,4.136,0.693,0.95982,0.72493,0.6138,0.107
-1.2614,0.20265,-3.4731,5,-1.7683,4.4489,0.693,0.6154,0.90135,1.3682,0.107
-1.5035,-3.3424,5,-1.7779,-1.7577,3.9822,0.693,0.66116,0.81836,0.76344,0.107
-1.5033,-3.3506,4.9965,-1.7779,-1.7583,3.9821,0.693,0.66091,0.81838,0.76361,0.107
-1.6487,-0.76614,0.07867,-1.577,4.1551,4.1136,0.693,1.0058,0.68745,0.60344,0.107
-1.5036,-3.3388,5,-1.7779,-1.7575,3.9821,0.693,0.66121,0.81822,0.76337,0.107
-1.5216,-5,-2.0276,-1.8317,-1.6789,3.9409,0.693,0.53669,0.83211,0.82574,0.107
-1.5034,-3.3498,5,-1.7779,-1.7582,3.982,0.693,0.66123,0.81834,0.76363,0.107
-1.5034,-3.3477,5,-1.7779,-1.758,3.9821,0.693,0.66109,0.81844,0.76357,0.107
-1.0241,-1.939,0.29209,-2.0297,3.9588,4.1308,0.693,1.066,0.74489,0.6117,0.107
-1.5036,-3.3396,5,-1.7779,-1.7576,3.9822,0.693,0.66119,0.81841,0.76339,0.107
-1.5032,-3.3562,4.9981,-1.778,-1.7586,3.982,0.693,0.66102,0.8184,0.76391,0.107
-1.5034,-3.3455,5,-1.7779,-1.758,3.9821,0.693,0.66129,0.8184,0.76357,0.107
-1.5028,-3.3604,5,-1.7782,-1.7592,3.9819,0.693,0.66081,0.81823,0.76391,0.107
-1.5036,-3.3415,5,-1.7779,-1.7576,3.9821,0.693,0.66118,0.81835,0.76344,0.107
-1.5035,-3.3445,5,-1.7779,-1.7578,3.9822,0.693,0.66114,0.81848,0.76351,0.107
-1.504,-3.328,5,-1.7779,-1.7567,3.982,0.693,0.66145,0.81842,0.76326,0.107
-1.5035,-3.3393,5,-1.7779,-1.7575,3.9824,0.693,0.66115,0.81858,0.76332,0.107
-1.5031,-3.36,5,-1.7779,-1.7589,3.9821,0.693,0.66093,0.8185,0.76386,0.107
-1.5032,-3.3541,5,-1.7779,-1.7585,3.982,0.693,0.66104,0.8183,0.76381,0.107
-1.5034,-3.3477,5,-1.7779,-1.758,3.9822,0.693,0.66106,0.81844,0.76357,0.107
-1.5036,-3.3388,5,-1.7779,-1.7575,3.9822,0.693,0.6612,0.81837,0.76336,0.107
-1.5033,-3.3506,5,-1.7779,-1.7584,3.9819,0.693,0.66108,0.81819,0.76382,0.107
-1.4383,4.9917,5,-1.8171,-1.8606,4.0057,0.693,0.70105,0.89184,0.95585,0.107
-1.5035,-3.3423,5,-1.7779,-1.7577,3.9822,0.693,0.66117,0.81847,0.76346,0.107
-1.5035,-3.3427,5,-1.7778,-1.7577,3.9822,0.693,0.66114,0.81845,0.76343,0.107
-1.6184,5,0.066402,-1.5884,4.3167,4.1357,0.693,0.95982,0.72493,0.61384,0.107
-1.5034,-3.3469,5,-1.7779,-1.758,3.9821,0.693,0.6611,0.81844,0.76356,0.107
-1.0241,-1.9389,0.29216,-2.0297,3.8133,4.1308,0.693,1.0662,0.7448,0.61177,0.107
-1.5035,-3.3456,5,-1.7779,-1.7579,3.9821,0.693,0.66115,0.81841,0.76356,0.107
-1.4843,0.099547,5,0.88947,-1.9242,4.3902,0.693,0.9248,0.83209,1.3244,0.107
-4.0907,-4.0259,4.2107,-3.8173,4.7698,3.8642,0.693,1.4792,1.659,1.0706,0.107
-1.5035,-3.3429,5,-1.7778,-1.7577,3.9822,0.693,0.66113,0.81829,0.76341,0.107
-1.5036,-3.3382,5,-1.7779,-1.7574,3.9823,0.693,0.66119,0.81851,0.76333,0.107
-1.5034,-3.3484,5,-1.7779,-1.7581,3.9821,0.693,0.66113,0.81839,0.76362,0.107
-1.5034,-3.3448,5,-1.7778,-1.7578,3.9823,0.693,0.66112,0.81855,0.7635,0.107
-1.5034,-3.3477,5,-1.7779,-1.758,3.9822,0.693,0.66108,0.81853,0.76361,0.107
3.0694,2.5505,3.6882,2.653,4.0807,-2.8175,0.693,1.9016,1.7878,1.3279,0.107
-1.503,-3.3622,5,-1.7779,-1.7591,3.982,0.693,0.661,0.818,0.7638,0.107
-1.5036,-3.3418,5,-1.7779,-1.7576,3.9822,0.693,0.66102,0.81866,0.7635,0.107
-1.5032,-3.3586,5,-1.7779,-1.7588,3.982,0.693,0.66099,0.81835,0.76387,0.107
-1.5031,-3.3577,5,-1.778,-1.7587,3.982,0.693,0.66099,0.81826,0.76376,0.107
-1.5035,-3.344,5,-1.7779,-1.7578,3.9821,0.693,0.66116,0.81846,0.76352,0.107
-1.5031,-3.3589,5,-1.7779,-1.7588,3.982,0.693,0.66094,0.81837,0.76383,0.107
-1.5035,-3.3431,5,-1.7778,-1.7577,3.9823,0.693,0.66113,0.81851,0.76343,0.107
-1.5034,-3.3466,5,-1.7779,-1.758,3.9821,0.693,0.66107,0.81844,0.76355,0.107
-1.5031,-3.3606,5,-1.778,-1.759,3.9819,0.693,0.661,0.81822,0.76392,0.107
-1.5032,-3.3577,4.7224,-1.778,-1.7586,3.982,0.693,0.66103,0.81851,0.76371,0.107
-1.5033,-3.3495,5,-1.7779,-1.7582,3.9821,0.693,0.66108,0.81829,0.76362,0.107
-1.5029,-3.3692,5,-1.778,-1.7596,3.9816,0.693,0.66089,0.81808,0.76414,0.107
-1.618,5,0.065464,-1.5887,3.6628,4.1359,0.693,0.95932,0.72511,0.61397,0.107
-1.5034,-3.3489,5,-1.7779,-1.7581,3.982,0.693,0.66113,0.81837,0.76364,0.107
-1.5032,-3.3564,4.9994,-1.7779,-1.7586,3.982,0.693,0.66101,0.81833,0.76377,0.107
-1.5032,-3.3567,4.7688,-1.7779,-1.7586,3.982,0.693,0.66102,0.81833,0.76376,0.107
-1.5035,-3.3403,5,-1.7779,-1.7575,3.9824,0.693,0.66115,0.81853,0.76334,0.107
3.4588,4.5215,-0.31268,3.2628,3.7368,-2.9927,0.693,1.9016,1.7877,1.3278,0.107
-1.5213,-5,-2.0277,-1.8319,-1.6789,3.941,0.693,0.53674,0.83217,0.82571,0.107
-1.5032,-3.355,5,-1.7779,-1.7585,3.9821,0.693,0.66102,0.81835,0.7637,0.107
-1.5036,-3.34,5,-1.7779,-1.7575,3.9822,0.693,0.66119,0.81848,0.7634,0.107
-1.6186,4.9996,0.066487,-1.588,4.61,4.1359,0.693,0.95962,0.72494,0.61393,0.107
2.6655,2.1398,4.9593,4.1923,1.1948,-2.8907,0.693,1.9016,1.7877,1.3279,0.107
-1.5035,-3.3454,5,-1.7779,-1.7579,3.982,0.693,0.66121,0.81838,0.76358,0.107
-1.5034,-3.3452,5,-1.7778,-1.7578,3.9822,0.693,0.66112,0.81849,0.7635,0.107
-1.6188,4.838,0.067121,-1.5878,4.6389,4.1357,0.693,0.96009,0.72473,0.61361,0.107
3.547,-2.6036,3.4607,-2.1192,-1.2398,-2.8249,0.693,1.9017,1.7877,1.3279,0.107
-1.503,-3.3615,5,-1.7778,-1.759,3.9821,0.693,0.66089,0.81841,0.76388,0.107
-1.0238,-1.9388,0.29271,-2.0298,3.8995,4.1309,0.693,1.0662,0.74488,0.61166,0.107
-1.503,-3.3636,5,-1.778,-1.7592,3.9819,0.693,0.66084,0.81821,0.76391,0.107
-1.5034,-3.351,5,-1.7779,-1.7582,3.982,0.693,0.66112,0.81845,0.76375,0.107
-1.5035,-3.342,5,-1.7778,-1.7576,3.9822,0.693,0.66115,0.81849,0.76342,0.107
-1.5034,-3.3481,5,-1.7779,-1.7581,3.9821,0.693,0.6611,0.81837,0.76359,0.107
-1.6186,5,0.066016,-1.588,4.5857,4.1359,0.693,0.95997,0.72499,0.61361,0.107
-1.024,-1.9389,0.29234,-2.0296,3.6313,4.1309,0.693,1.0658,0.74495,0.61202,0.107
-1.4844,0.099408,4.4637,0.88867,-1.9239,4.3904,0.693,0.92471,0.83208,1.3244,0.107
-1.024,-1.9391,0.292,-2.0297,3.8921,4.1308,0.693,1.0661,0.74512,0.61186,0.107
-1.5035,-3.3427,5,-1.7779,-1.7577,3.9821,0.693,0.66118,0.81843,0.76348,0.107
-1.5033,-3.3524,5,-1.7779,-1.7584,3.982,0.693,0.66101,0.81835,0.7637,0.107
-1.6186,5,0.067138,-1.588,2.8484,4.1359,0.693,0.95995,0.72498,0.61375,0.107
-1.5035,-3.3419,5,-1.7779,-1.7577,3.9824,0.693,0.66114,0.81866,0.76342,0.107
-1.024,-1.9391,0.29229,-2.0297,3.5298,4.1307,0.693,1.0662,0.74474,0.61179,0.107
-1.5029,-3.3671,5,-1.778,-1.7595,3.9819,0.693,0.66079,0.81821,0.76403,0.107
-1.5032,-3.3533,5,-1.778,-1.7585,3.982,0.693,0.66103,0.81835,0.76366,0.107
-1.0241,-1.9391,0.29194,-2.0296,3.8238,4.1308,0.693,1.0658,0.74491,0.61186,0.107
1.3292,3.2621,1.6096,2.634,2.2342,2.3584,0.693,1.9017,1.7877,1.3279,0.107
-1.6486,-0.76602,0.078297,-1.5769,3.9013,4.1137,0.693,1.0056,0.68762,0.60343,0.107
-1.5035,-3.3428,5,-1.7779,-1.7578,3.9823,0.693,0.66119,0.81873,0.76356,0.107
-1.5035,-3.3411,5,-1.7779,-1.7576,3.9823,0.693,0.66115,0.81855,0.76332,0.107
4.868,-3.048,-2.1628,-4.7266,1.4753,-4.7532,0.693,1.9017,1.7877,1.3279,0.107
4.8981,-3.5586,-3.6654,4.8396,-3.5172,-3.966,0.693,1.9017,1.7878,1.3279,0.107
-1.5035,-3.344,5,-1.7779,-1.7577,3.9823,0.693,0.66112,0.81837,0.76343,0.107
-1.5034,-3.3451,5,-1.7778,-1.7578,3.9823,0.693,0.6611,0.81852,0.76346,0.107
-1.503,-3.3603,5,-1.778,-1.759,3.9819,0.693,0.66101,0.81828,0.76397,0.107
-1.5029,-3.3632,5,-1.778,-1.7591,3.9819,0.693,0.66091,0.81847,0.76406,0.107
-1.024,-1.9391,0.29226,-2.0297,3.8711,4.1307,0.693,1.0662,0.74481,0.61184,0.107
-1.5028,-3.3605,4.9992,-1.7783,-1.7589,3.9819,0.693,0.66108,0.81833,0.76389,0.107
-1.5032,-3.3512,5,-1.7781,-1.7585,3.9821,0.693,0.66106,0.81824,0.76356,0.107
-1.5031,-3.3599,5,-1.7779,-1.7589,3.9819,0.693,0.66103,0.81828,0.76387,0.107
-1.5035,-3.3419,5,-1.778,-1.7579,3.9819,0.693,0.66129,0.81831,0.76359,0.107
-1.5032,-3.3554,4.9999,-1.7779,-1.7586,3.982,0.693,0.66101,0.81835,0.76373,0.107
-1.5033,-3.3496,5,-1.7779,-1.7582,3.9821,0.693,0.66107,0.8184,0.76367,0.107
-1.4842,0.099713,4.9976,0.88992,-1.9243,4.3902,0.693,0.92472,0.83212,1.3244,0.107
-1.5035,-3.3429,5,-1.7779,-1.7577,3.9823,0.693,0.66112,0.8185,0.7634,0.107
-1.5035,-3.3442,5,-1.7779,-1.7578,3.9821,0.693,0.66115,0.81842,0.76353,0.107
-1.5034,-3.346,5,-1.7778,-1.7579,3.9823,0.693,0.66109,0.81856,0.76351,0.107
-1.5636,-3.2128,5,4.9997,-1.8994,4.3551,0.693,0.93835,0.83833,1.1068,0.107
-1.5036,-3.338,5,-1.7779,-1.7574,3.9822,0.693,0.6612,0.81848,0.76339,0.107
-1.5032,-3.354,4.9999,-1.778,-1.7585,3.982,0.693,0.66114,0.81829,0.76375,0.107
-1.4843,0.10025,4.2675,0.88862,-1.9242,4.3901,0.693,0.92474,0.83217,1.3244,0.107
-1.5035,-3.3426,5,-1.7778,-1.7577,3.9822,0.693,0.66115,0.81846,0.76343,0.107
-1.5035,-3.3442,5,-1.7779,-1.7578,3.9822,0.693,0.66114,0.81849,0.76351,0.107
-1.5034,-3.3485,4.9999,-1.7779,-1.7581,3.9821,0.693,0.66096,0.81842,0.76364,0.107
-1.5037,-3.3378,5,-1.7779,-1.7574,3.982,0.693,0.66129,0.8184,0.76344,0.107
-1.5035,-3.3436,5,-1.7779,-1.7578,3.9821,0.693,0.66121,0.81846,0.76351,0.107
-1.5033,-3.3534,5,-1.7779,-1.7585,3.9819,0.693,0.661,0.81827,0.76369,0.107
-1.5034,-3.3455,5,-1.7778,-1.7578,3.9823,0.693,0.6611,0.81852,0.76348,0.107
2.9134,-3.9735,2.2426,1.5375,0.99356,-1.0662,0.693,1.9016,1.7877,1.3278,0.107
-1.5033,-3.3497,5,-1.7779,-1.7582,3.9821,0.693,0.66106,0.81837,0.76362,0.107
-1.6187,5,0.066743,-1.588,3.426,4.1358,0.693,0.95991,0.72496,0.61376,0.107
-1.5033,-3.3542,4.9976,-1.7779,-1.7583,3.982,0.693,0.66098,0.81817,0.76394,0.107
-1.5029,-3.3654,5,-1.778,-1.7593,3.9818,0.693,0.66089,0.8182,0.76397,0.107
-1.5033,-3.3494,5,-1.7779,-1.7581,3.9821,0.693,0.66108,0.81841,0.76362,0.107
-1.5035,-3.3421,5,-1.7779,-1.7577,3.9822,0.693,0.66118,0.81846,0.76346,0.107
-1.2584,0.20791,-3.4365,5,-1.7732,4.449,0.693,0.61504,0.9024,1.3674,0.107
-1.5034,-3.346,5,-1.7779,-1.758,3.9821,0.693,0.66115,0.81842,0.76357,0.107
-1.5032,-3.3522,5,-1.778,-1.7584,3.982,0.693,0.66113,0.81835,0.76359,0.107
-1.5034,-3.3462,5,-1.7779,-1.758,3.9821,0.693,0.66121,0.81845,0.76361,0.107
-1.5037,-3.3363,5,-1.7779,-1.7573,3.9822,0.693,0.66116,0.81841,0.76328,0.107
-1.6182,5,0.0642,-1.5883,4.4717,4.1363,0.693,0.95937,0.72504,0.61388,0.107
-1.5034,-3.3496,5,-1.7779,-1.7582,3.9819,0.693,0.661,0.81828,0.76367,0.107
-1.5036,-3.3404,5,-1.7779,-1.7576,3.982,0.693,0.66125,0.81839,0.7635,0.107
-1.4845,0.099297,4.5772,0.88909,-1.9239,4.3903,0.693,0.92482,0.83219,1.3244,0.107
-1.2571,0.20757,-3.4179,5,-1.7758,4.4492,0.693,0.61489,0.90355,1.3669,0.107
-1.4841,0.099783,3.6186,0.89007,-1.9245,4.3898,0.693,0.92502,0.83195,1.3244,0.107
-1.5033,-3.3503,5,-1.7779,-1.7582,3.9821,0.693,0.66105,0.81837,0.76364,0.107
-1.5029,-3.37,5,-1.778,-1.7596,3.9817,0.693,0.66087,0.81812,0.76413,0.107
-1.5035,-3.3432,5,-1.7778,-1.7577,3.9823,0.693,0.66112,0.81853,0.76341,0.107
-1.5031,-3.3606,5,-1.7779,-1.759,3.9819,0.693,0.66093,0.81828,0.76385,0.107
-1.5034,-3.3456,5,-1.7778,-1.7578,3.9823,0.693,0.66109,0.81853,0.76346,0.107
-1.6185,5,0.065935,-1.5881,3.8864,4.136,0.693,0.95994,0.72496,0.61369,0.107
-1.024,-1.9394,0.29221,-2.0296,3.6631,4.1308,0.693,1.066,0.74483,0.61186,0.107
-1.6486,-0.76557,0.078441,-1.5769,4.0924,4.1137,0.693,1.0056,0.68762,0.60347,0.107
-1.0241,-1.939,0.2923,-2.0297,3.8674,4.1308,0.693,1.0658,0.74489,0.61212,0.107
-1.5034,-3.3459,4.9999,-1.7779,-1.7579,3.9821,0.693,0.66119,0.81848,0.76379,0.107
-3.8966,-3.8406,4.165,-3.6704,4.9324,3.8644,0.693,1.4783,1.659,1.0709,0.107
-1.5035,-3.343,5,-1.7779,-1.7577,3.9822,0.693,0.66113,0.81839,0.76344,0.107
-1.5034,-3.3465,5,-1.7779,-1.758,3.9821,0.693,0.66108,0.81836,0.76357,0.107
-1.5034,-3.349,5,-1.7779,-1.7582,3.982,0.693,0.66112,0.81836,0.76365,0.107
-1.5035,-3.3449,5,-1.7779,-1.7578,3.9822,0.693,0.66114,0.81848,0.76353,0.107
-1.5034,-3.3452,5,-1.7778,-1.7578,3.9823,0.693,0.6611,0.81846,0.76341,0.107
-1.024,-1.9391,0.29208,-2.0297,3.5444,4.1308,0.693,1.0664,0.74474,0.61153,0.107
-1.6486,-0.7657,0.07836,-1.5769,4.5471,4.1137,0.693,1.0056,0.68764,0.60345,0.107
-1.5034,-3.3474,5,-1.7779,-1.758,3.9821,0.693,0.66111,0.81837,0.76358,0.107
-1.5035,-3.3425,5,-1.7778,-1.7576,3.9823,0.693,0.66113,0.8184,0.7634,0.107
-1.503,-3.3643,5,-1.778,-1.7593,3.9819,0.693,0.66095,0.81828,0.76405,0.107
-1.5034,-3.3478,5,-1.7779,-1.7581,3.982,0.693,0.66105,0.81833,0.76363,0.107
-1.5035,-3.3453,5,-1.7779,-1.7579,3.9822,0.693,0.66114,0.81847,0.76348,0.107
-1.5033,-3.3494,5,-1.7779,-1.7581,3.9821,0.693,0.66113,0.81842,0.76363,0.107
-1.4841,0.10037,5,0.88987,-1.9245,4.3899,0.693,0.9251,0.8319,1.3244,0.107
-1.5029,-3.3604,5,-1.7781,-1.7593,3.9818,0.693,0.661,0.8182,0.76398,0.107
-1.5035,-3.3411,5,-1.7779,-1.7576,3.9824,0.693,0.66114,0.81857,0.76335,0.107
-1.5032,-3.3533,5,-1.7779,-1.7584,3.9821,0.693,0.66108,0.81837,0.76373,0.107
-1.4842,0.099722,4.998,0.88892,-1.9242,4.3902,0.693,0.92481,0.83206,1.3244,0.107
-1.5032,-3.3562,4.5821,-1.778,-1.7585,3.982,0.693,0.66129,0.81819,0.76369,0.107
-1.2575,0.20764,-3.4222,5,-1.7753,4.4491,0.693,0.61493,0.90309,1.367,0.107
-1.5638,-3.2201,5,5,-1.8989,4.3551,0.693,0.93842,0.83831,1.1067,0.107
-1.5033,-3.3535,4.992,-1.7778,-1.7583,3.9821,0.693,0.6612,0.81793,0.7635,0.107
-1.4842,0.099535,3.9148,0.88937,-1.9243,4.3903,0.693,0.92466,0.83213,1.3244,0.107
-1.5033,-3.3483,5,-1.7779,-1.7581,3.9821,0.693,0.66114,0.81843,0.76362,0.107
-1.5035,-3.3423,5,-1.7779,-1.7577,3.9821,0.693,0.66118,0.81843,0.76347,0.107
-1.5028,-3.3683,5,-1.7781,-1.7596,3.9818,0.693,0.66085,0.81804,0.76401,0.107
-1.6186,4.9503,0.066016,-1.588,4.5325,4.1359,0.693,0.95998,0.72493,0.61382,0.107
-1.2597,0.20991,-3.4541,5,-1.7709,4.4485,0.693,0.61546,0.90168,1.3678,0.107
-1.5035,-3.3422,5,-1.7779,-1.7577,3.9822,0.693,0.66117,0.81846,0.76346,0.107
-1.0241,-1.939,0.29197,-2.0296,3.6246,4.1309,0.693,1.0658,0.74495,0.61182,0.107
2.3381,4.8623,3.2718,0.47962,0.34063,-4.9515,0.693,1.9017,1.7877,1.3279,0.107
-1.5036,-3.3426,5,-1.7779,-1.7578,3.9821,0.693,0.6612,0.81849,0.76356,0.107
-1.5035,-3.3496,5,-1.7777,-1.7582,3.9821,0.693,0.66102,0.81829,0.76363,0.107
-1.5035,-3.3419,5,-1.7778,-1.7576,3.9823,0.693,0.66116,0.8185,0.76342,0.107
-1.5033,-3.3547,5,-1.7778,-1.7587,3.982,0.693,0.66113,0.81826,0.76376,0.107
-1.5035,-3.3483,5,-1.7779,-1.7581,3.9819,0.693,0.66103,0.81829,0.76367,0.107
-1.5035,-3.343,5,-1.7779,-1.7577,3.9822,0.693,0.66117,0.81846,0.76349,0.107
-1.5035,-3.3453,5,-1.7779,-1.7579,3.982,0.693,0.66121,0.81825,0.76358,0.107
-1.024,-1.938,0.29216,-2.0298,4.1993,4.1308,0.693,1.0661,0.74488,0.61192,0.107
-1.0241,-1.9389,0.29209,-2.0297,3.7218,4.1308,0.693,1.0661,0.74484,0.61177,0.107
-1.5031,-3.3596,5,-1.778,-1.7589,3.982,0.693,0.66097,0.81823,0.76382,0.107
-1.503,-3.3613,5,-1.7779,-1.759,3.9821,0.693,0.6609,0.8184,0.76386,0.107
-1.6186,4.9999,0.065831,-1.588,4.1834,4.1358,0.693,0.96008,0.72491,0.61387,0.107
-1.5032,-3.3568,4.5947,-1.7779,-1.7587,3.982,0.693,0.66101,0.81831,0.76377,0.107
-1.5034,-3.3479,5,-1.7779,-1.7581,3.982,0.693,0.66102,0.81837,0.7636,0.107
-1.0241,-1.9391,0.29208,-2.0296,3.9267,4.1308,0.693,1.0659,0.74479,0.61192,0.107
-1.5036,-3.3394,5,-1.7779,-1.7575,3.982,0.693,0.66124,0.81839,0.76348,0.107
-1.024,-1.9391,0.292,-2.0297,3.8667,4.1308,0.693,1.0661,0.7448,0.61183,0.107
-1.5635,-3.2187,5,5,-1.8993,4.3551,0.693,0.93827,0.83837,1.1068,0.107
-1.5034,-3.3495,5,-1.7779,-1.7582,3.982,0.693,0.66112,0.81833,0.76356,0.107
-1.5029,-3.3672,5,-1.778,-1.7595,3.9818,0.693,0.66091,0.81816,0.76407,0.107
-1.6186,5,0.066102,-1.5881,4.4243,4.1359,0.693,0.95981,0.72498,0.61364,0.107
-1.5034,-3.3474,5,-1.7779,-1.758,3.9821,0.693,0.66105,0.81841,0.76358,0.107
-1.5035,-3.3419,5,-1.7778,-1.7576,3.9822,0.693,0.66115,0.81847,0.76341,0.107
-1.5036,-3.3397,5,-1.7779,-1.7575,3.9822,0.693,0.66122,0.81862,0.76345,0.107
-1.5034,-3.351,4.9993,-1.7778,-1.7582,3.982,0.693,0.66094,0.81859,0.76378,0.107
-1.5686,-4.9998,-2.2092,-1.7862,5,4.1978,0.693,0.61477,0.8478,0.52751,0.107
-1.5033,-3.3536,4.997,-1.7778,-1.7586,3.982,0.693,0.661,0.8181,0.7638,0.107
-1.5029,-3.3692,5,-1.778,-1.7596,3.9817,0.693,0.66083,0.81811,0.76412,0.107
-1.5035,-3.343,5,-1.7779,-1.7577,3.9821,0.693,0.66118,0.81838,0.76347,0.107
-1.503,-3.3633,5,-1.778,-1.7592,3.9818,0.693,0.6609,0.8182,0.76398,0.107
-1.5035,-3.3421,5,-1.7779,-1.7577,3.9822,0.693,0.66116,0.81838,0.76343,0.107
-1.5033,-3.3526,5,-1.7778,-1.7584,3.982,0.693,0.66096,0.81841,0.76367,0.107
-1.4382,1.8216,4.9998,-1.8174,-1.8595,4.006,0.693,0.70121,0.89228,0.95529,0.107
-1.5036,-3.3399,5,-1.7779,-1.7577,3.982,0.693,0.66124,0.81835,0.7635,0.107
-1.5035,-3.3439,5,-1.7779,-1.7578,3.9821,0.693,0.66116,0.81831,0.7635,0.107
-1.5031,-3.3578,4.9995,-1.7779,-1.7588,3.982,0.693,0.66098,0.81846,0.76387,0.107
-1.5032,-3.3597,5,-1.7779,-1.7587,3.9819,0.693,0.661,0.81829,0.76382,0.107
-1.5033,-3.3478,5,-1.7779,-1.7581,3.9821,0.693,0.6611,0.81855,0.76346,0.107
-1.0241,-1.9393,0.29219,-2.0296,3.7918,4.1308,0.693,1.066,0.7449,0.61178,0.107
-1.6186,5,0.066319,-1.588,3.2244,4.1359,0.693,0.95972,0.72486,0.61377,0.107
-1.4843,0.099366,4.4306,0.88934,-1.9242,4.3903,0.693,0.92469,0.83221,1.3244,0.107
-1.503,-3.3633,5,-1.778,-1.7589,3.9819,0.693,0.66113,0.81822,0.76386,0.107
-1.5035,-3.3433,5,-1.7778,-1.7577,3.9823,0.693,0.66112,0.81851,0.76342,0.107
-1.5034,-3.3492,5,-1.7778,-1.7582,3.9821,0.693,0.66106,0.81832,0.76359,0.107
-1.5031,-3.3588,4.9594,-1.7779,-1.7589,3.9819,0.693,0.66104,0.81831,0.76392,0.107
-1.5033,-3.3501,5,-1.7779,-1.7582,3.9821,0.693,0.66109,0.81841,0.76367,0.107
-1.5035,-3.3431,5,-1.7779,-1.7577,3.9822,0.693,0.66118,0.81858,0.76352,0.107
-1.5635,-3.218,5,5,-1.8993,4.3549,0.693,0.9383,0.83814,1.1066,0.107
-1.5035,-3.3424,5,-1.7778,-1.7577,3.9823,0.693,0.66114,0.81834,0.76339,0.107
-1.5028,-3.3686,5,-1.778,-1.7595,3.9818,0.693,0.66085,0.81812,0.76404,0.107
-1.5034,-3.3454,5,-1.7779,-1.7579,3.9822,0.693,0.6611,0.81828,0.76352,0.107
-1.5034,-3.3475,5,-1.7779,-1.758,3.9822,0.693,0.66103,0.81844,0.76356,0.107
-1.5033,-3.3504,5,-1.7779,-1.7583,3.9821,0.693,0.66113,0.81844,0.76364,0.107
-1.5034,-3.3463,5,-1.7779,-1.7579,3.9821,0.693,0.66106,0.81842,0.76355,0.107
-1.5031,-3.3609,5,-1.778,-1.759,3.9819,0.693,0.66097,0.81809,0.76387,0.107
-1.5035,-3.3391,5,-1.7779,-1.7576,3.9823,0.693,0.66116,0.81847,0.76334,0.107
-1.5036,-3.3406,5,-1.7779,-1.7575,3.9823,0.693,0.66114,0.81846,0.76333,0.107
-1.5035,-3.3421,5,-1.7779,-1.7577,3.9824,0.693,0.66115,0.8187,0.76346,0.107
-1.0241,-1.9391,0.29209,-2.0296,3.6192,4.1307,0.693,1.0663,0.74493,0.61182,0.107
-1.5036,-3.3383,5,-1.7779,-1.7575,3.9822,0.693,0.66121,0.81831,0.76337,0.107
-1.5034,-3.3468,5,-1.7778,-1.7579,3.9822,0.693,0.66111,0.81859,0.76333,0.107
-1.4382,4.9267,4.2969,-1.8173,-1.8595,4.006,0.693,0.70115,0.89234,0.95535,0.107
-1.5032,-3.3563,4.947,-1.7779,-1.7586,3.982,0.693,0.66103,0.81835,0.76377,0.107
-1.0243,-1.938,0.29212,-2.0298,4.3082,4.1307,0.693,1.066,0.74489,0.61179,0.107
-1.5226,-5,-2.0318,-1.8313,-1.676,3.9411,0.693,0.53673,0.83257,0.82536,0.107
-1.5037,-3.3393,5,-1.7779,-1.7574,3.982,0.693,0.66104,0.8184,0.76345,0.107
-1.5035,-3.343,5,-1.7779,-1.7577,3.9822,0.693,0.66114,0.81841,0.76344,0.107
-1.5034,-3.347,5,-1.7779,-1.7581,3.9821,0.693,0.66117,0.8185,0.7635,0.107
-3.8601,-4.7606,4.858,-4.7735,4.9952,3.8633,0.693,1.4811,1.659,1.07,0.107
2.8786,3.5859,-0.78587,1.9105,1.1812,-3.8664,0.693,1.9017,1.7877,1.3279,0.107
-1.5033,-3.3514,5,-1.7779,-1.7583,3.982,0.693,0.66104,0.81835,0.76368,0.107
1.4859,2.9976,4.7673,1.4008,0.61691,-4.1813,0.693,1.9015,1.7877,1.3279,0.107
-1.5033,-3.3526,5,-1.7779,-1.7584,3.982,0.693,0.66106,0.81834,0.76371,0.107
-1.6486,-0.76592,0.078281,-1.5769,4.4808,4.1137,0.693,1.0057,0.68759,0.60346,0.107
-1.5244,-5,-2.0374,-1.8305,-1.6713,3.9413,0.693,0.53682,0.83314,0.82472,0.107
-1.6187,5,0.066631,-1.5879,3.2053,4.1358,0.693,0.95947,0.72474,0.61368,0.107
4.9273,3.4089,-2.4624,4.1156,0.35131,-4.1327,0.693,1.9015,1.7877,1.3279,0.107
-1.5031,-3.3593,4.9997,-1.778,-1.7589,3.982,0.693,0.66093,0.81829,0.76398,0.107
-1.5036,-3.3387,5,-1.7779,-1.7574,3.9824,0.693,0.66116,0.81856,0.76331,0.107
-1.5035,-3.3452,5,-1.7779,-1.7579,3.9821,0.693,0.66112,0.81841,0.76355,0.107
-1.5036,-3.3408,5,-1.7779,-1.7577,3.9821,0.693,0.66113,0.81842,0.76346,0.107
-1.5031,-3.3571,4.9996,-1.7779,-1.7587,3.982,0.693,0.66102,0.81817,0.76382,0.107
-1.5033,-3.3553,5,-1.7779,-1.7586,3.982,0.693,0.66101,0.81828,0.76384,0.107
-1.5035,-3.3423,5,-1.7778,-1.7576,3.9823,0.693,0.66114,0.81852,0.76341,0.107
-1.6175,5,0.064148,-1.5894,4.0983,4.1362,0.693,0.95904,0.72532,0.61424,0.107
-1.5035,-3.3543,5,-1.7776,-1.7584,3.982,0.693,0.66104,0.81864,0.76381,0.107
4.1751,4.6543,2.7015,1.5551,-0.98487,-4.8364,0.693,1.9016,1.7877,1.3279,0.107
-1.6185,5,0.065836,-1.588,3.8356,4.136,0.693,0.95985,0.72506,0.61369,0.107
-1.5035,-3.3467,5,-1.7778,-1.7579,3.982,0.693,0.66111,0.81838,0.76357,0.107
-1.6486,-0.7657,0.078312,-1.5769,3.8966,4.1138,0.693,1.0057,0.68766,0.60351,0.107
4.6062,1.1503,3.9498,3.9047,2.7934,-2.8181,0.693,1.9016,1.7878,1.3279,0.107
3.9927,-4.3456,2.1734,3.9275,2.371,-4.416,0.693,1.9017,1.7877,1.3279,0.107
-1.5032,-3.3561,4.9986,-1.7779,-1.7587,3.982,0.693,0.66097,0.81834,0.76372,0.107
-1.525,-5,-2.0395,-1.8302,-1.6698,3.9413,0.693,0.53682,0.83341,0.82448,0.107
-1.5036,-3.3384,5,-1.778,-1.7574,3.9821,0.693,0.66115,0.8186,0.76339,0.107
-1.5033,-3.3569,5,-1.7778,-1.7586,3.982,0.693,0.66096,0.8182,0.76375,0.107
-1.0244,-1.9382,0.2939,-2.0297,3.4727,4.1304,0.693,1.0661,0.74476,0.61193,0.107
2.1277,4.3922,0.88206,1.0836,2.4602,-4.6497,0.693,1.9016,1.7878,1.3279,0.107
-1.5031,-3.3552,5,-1.778,-1.7586,3.982,0.693,0.66083,0.81835,0.76368,0.107
-1.5033,-3.3513,5,-1.7779,-1.7583,3.9821,0.693,0.66106,0.81836,0.76364,0.107
-1.5029,-3.3626,5,-1.778,-1.7593,3.9819,0.693,0.66099,0.81824,0.76398,0.107
-1.5031,-3.3605,5,-1.7779,-1.7589,3.9821,0.693,0.6609,0.81844,0.76385,0.107
-1.6186,5,0.066449,-1.588,3.8466,4.1359,0.693,0.95997,0.72485,0.61384,0.107
-1.5035,-3.3423,5,-1.7779,-1.7577,3.9822,0.693,0.66117,0.81843,0.76346,0.107
4.3726,0.089571,3.2035,2.5176,1.8635,-4.0906,0.693,1.9016,1.7878,1.3279,0.107
-1.2616,0.20966,-3.484,5,-1.767,4.4487,0.693,0.61521,0.90139,1.3685,0.107
-1.5036,-3.3394,5,-1.7779,-1.7575,3.9824,0.693,0.66116,0.81857,0.76334,0.107
-1.4843,0.099354,4.9024,0.88926,-1.9241,4.3903,0.693,0.92463,0.83215,1.3243,0.107
-1.5035,-3.3431,5,-1.7779,-1.7578,3.9821,0.693,0.66117,0.81844,0.7635,0.107
4.7478,-0.17366,1.7113,0.92214,1.8134,-2.5619,0.693,1.9016,1.7877,1.3279,0.107
-1.6184,5,0.06649,-1.5883,3.8529,4.1357,0.693,0.95969,0.72497,0.61384,0.107
-1.5034,-3.347,5,-1.7779,-1.758,3.9821,0.693,0.66106,0.81841,0.76357,0.107
-1.5035,-3.342,5,-1.7779,-1.7576,3.9822,0.693,0.66117,0.81845,0.76344,0.107
-1.6187,5,0.066258,-1.588,4.074,4.1359,0.693,0.95993,0.72493,0.61348,0.107
-1.0246,-1.9355,0.29215,-2.0302,4.1818,4.1306,0.693,1.066,0.74485,0.61168,0.107
-1.5033,-3.3523,5,-1.7779,-1.7584,3.982,0.693,0.66103,0.81833,0.76369,0.107
-1.5034,-3.3474,5,-1.7779,-1.758,3.9822,0.693,0.66107,0.81845,0.76356,0.107
-1.5031,-3.3578,4.9985,-1.778,-1.7588,3.982,0.693,0.6607,0.81815,0.76369,0.107
-1.5031,-3.3587,5,-1.7779,-1.7588,3.982,0.693,0.66092,0.81829,0.76382,0.107
-1.5033,-3.3505,5,-1.7779,-1.7583,3.9821,0.693,0.6611,0.81835,0.76372,0.107
-1.6486,-0.76585,0.07829,-1.5769,3.8664,4.1137,0.693,1.0058,0.68763,0.60345,0.107
-1.4842,0.10033,4.9162,0.88907,-1.9243,4.3898,0.693,0.92503,0.83175,1.3244,0.107
-1.5034,-3.3483,5,-1.7779,-1.7581,3.9821,0.693,0.66105,0.81835,0.76355,0.107
-1.5036,-3.3414,5,-1.7779,-1.7577,3.9821,0.693,0.6612,0.81828,0.7634,0.107
2.8627,1.3038,0.76113,1.5026,4.9024,-1.3761,0.693,1.9017,1.7877,1.328,0.107
-1.5033,-3.3502,5,-1.7779,-1.7582,3.9821,0.693,0.66103,0.81837,0.76365,0.107
-1.5034,-3.3463,4.9977,-1.7779,-1.758,3.982,0.693,0.66139,0.81837,0.76329,0.107
4.6388,3.1035,3.4041,4.022,3.938,-4.2054,0.693,1.9016,1.7878,1.3279,0.107
-1.0241,-1.9388,0.29195,-2.0297,3.8025,4.1308,0.693,1.066,0.74481,0.61174,0.107
-1.5035,-3.3445,5,-1.7779,-1.7578,3.9821,0.693,0.66116,0.81848,0.76353,0.107
-1.5035,-3.3428,5,-1.7779,-1.7577,3.9822,0.693,0.66116,0.81844,0.76346,0.107
-1.5032,-3.3569,4.9949,-1.7779,-1.7587,3.982,0.693,0.66105,0.81829,0.76373,0.107
-1.6186,5,0.066042,-1.588,3.6486,4.136,0.693,0.95974,0.7251,0.61384,0.107
-1.5032,-3.3566,4.9997,-1.7779,-1.7587,3.982,0.693,0.66116,0.81821,0.76383,0.107
-1.024,-1.9392,0.29206,-2.0297,3.863,4.1308,0.693,1.0659,0.74508,0.61193,0.107
-1.6486,-0.76582,0.078356,-1.5769,4.5193,4.1137,0.693,1.0056,0.68762,0.60345,0.107
-1.5034,-3.3475,5,-1.7779,-1.758,3.9821,0.693,0.66107,0.81842,0.76358,0.107
-1.5033,-3.3495,4.9998,-1.7779,-1.7582,3.9821,0.693,0.66105,0.8183,0.7636,0.107
-1.0237,-1.9409,0.29175,-2.0294,4.6297,4.1309,0.693,1.0663,0.74483,0.6117,0.107
-1.5032,-3.3547,5,-1.7779,-1.7585,3.982,0.693,0.66098,0.81834,0.76375,0.107
-1.5033,-3.3532,4.9961,-1.7779,-1.7585,3.982,0.693,0.66099,0.8184,0.7637,0.107
-1.5034,-3.3474,5,-1.7779,-1.758,3.9821,0.693,0.66108,0.81842,0.76358,0.107
-1.5035,-3.343,5,-1.7778,-1.7579,3.9821,0.693,0.66122,0.81838,0.76353,0.107
-1.5032,-3.3583,4.9962,-1.7778,-1.7588,3.982,0.693,0.66099,0.81828,0.76391,0.107
-1.6185,5,0.066731,-1.588,4.0549,4.1359,0.693,0.95984,0.72498,0.6139,0.107
3.3986,2.9755,1.4795,2.2063,1.3869,1.7123,0.693,1.9017,1.7877,1.3279,0.107
-1.5034,-3.3458,5,-1.7779,-1.758,3.9821,0.693,0.66113,0.81839,0.7635,0.107
-1.5031,-3.3585,5,-1.7779,-1.7588,3.9819,0.693,0.661,0.81835,0.76385,0.107
-1.6189,5,0.066644,-1.5875,4.2682,4.1359,0.693,0.96005,0.72495,0.61387,0.107
-1.5033,-3.3497,5,-1.7779,-1.7582,3.9821,0.693,0.66112,0.81841,0.76364,0.107
-1.5033,-3.3508,5,-1.7779,-1.7583,3.982,0.693,0.66107,0.81833,0.76365,0.107
-1.5033,-3.3527,5,-1.7779,-1.7584,3.982,0.693,0.66104,0.81835,0.7637,0.107
-1.5031,-3.3576,5,-1.7779,-1.7588,3.982,0.693,0.66097,0.81846,0.76379,0.107
4.4288,-4.3593,2.9191,0.049871,3.0519,-3.2513,0.693,1.9017,1.7877,1.3279,0.107
-1.5035,-3.3426,5,-1.7779,-1.7577,3.9822,0.693,0.66117,0.81842,0.76346,0.107
-1.5034,-3.3483,5,-1.7779,-1.7581,3.9821,0.693,0.66113,0.8184,0.76375,0.107
-1.4842,0.099492,4.8284,0.88943,-1.9242,4.3903,0.693,0.92476,0.83214,1.3244,0.107
-1.618,5,0.064873,-1.5886,4.1201,4.1361,0.693,0.95925,0.7253,0.61401,0.107
-1.5034,-3.3479,5,-1.7779,-1.7581,3.9821,0.693,0.661,0.81837,0.7636,0.107
-1.6486,-0.76587,0.078411,-1.5769,4.0749,4.1137,0.693,1.0058,0.68763,0.60349,0.107
-1.503,-3.361,5,-1.778,-1.759,3.9818,0.693,0.66097,0.81823,0.76393,0.107
-1.5034,-3.3491,5,-1.7779,-1.7582,3.9821,0.693,0.6611,0.81843,0.76359,0.107
-1.5031,-3.3607,5,-1.7779,-1.759,3.9819,0.693,0.66099,0.81821,0.76391,0.107
-1.5032,-3.3565,5,-1.7779,-1.7585,3.982,0.693,0.66103,0.81833,0.76376,0.107
-1.6486,-0.76587,0.078225,-1.5769,4.3308,4.1138,0.693,1.0057,0.68762,0.60344,0.107
-1.5035,-3.3458,4.9997,-1.7779,-1.7581,3.982,0.693,0.66107,0.81821,0.76352,0.107
-1.4843,0.099758,4.474,0.89009,-1.9242,4.3901,0.693,0.92492,0.83201,1.3244,0.107
-1.5032,-3.3566,5,-1.7779,-1.7586,3.982,0.693,0.66101,0.81846,0.76381,0.107
-1.0241,-1.939,0.29168,-2.0297,4.134,4.1308,0.693,1.0661,0.74475,0.61197,0.107
-1.5035,-3.342,5,-1.7778,-1.7576,3.9822,0.693,0.66116,0.81846,0.76343,0.107
4.2388,2.678,-1.3454,-0.58754,3.2853,-3.78,0.693,1.9016,1.7877,1.3279,0.107
-1.5034,-3.3464,5,-1.7779,-1.758,3.9821,0.693,0.66114,0.81841,0.76358,0.107
-1.5034,-3.3481,5,-1.7779,-1.7581,3.9821,0.693,0.66114,0.81842,0.7636,0.107
-1.5034,-3.348,5,-1.7779,-1.758,3.9821,0.693,0.66111,0.81846,0.76359,0.107
-1.503,-3.367,5,-1.778,-1.7595,3.9817,0.693,0.66093,0.81812,0.76408,0.107
-1.5034,-3.3477,5,-1.7779,-1.7581,3.982,0.693,0.66109,0.81835,0.76361,0.107
-1.5232,-5,-2.0325,-1.8308,-1.6752,3.9412,0.693,0.5367,0.83272,0.82521,0.107
-1.5638,-3.222,4.9996,4.9894,-1.8989,4.3551,0.693,0.93839,0.83837,1.1066,0.107
-1.5034,-3.3461,5,-1.7779,-1.7579,3.9821,0.693,0.66113,0.8184,0.76357,0.107
-1.5036,-3.3404,5,-1.7779,-1.7576,3.9822,0.693,0.66118,0.81838,0.7634,0.107
-1.5234,-5,-2.0351,-1.8309,-1.6734,3.9413,0.693,0.53678,0.83289,0.82489,0.107
-1.5032,-3.3543,5,-1.7779,-1.7585,3.982,0.693,0.661,0.81829,0.76377,0.107
-1.5031,-3.3613,5,-1.7779,-1.7591,3.9818,0.693,0.66097,0.81821,0.76394,0.107
-1.5031,-3.3587,4.7872,-1.7779,-1.7588,3.982,0.693,0.661,0.81829,0.76383,0.107
-1.5034,-3.3465,5,-1.7779,-1.7579,3.9822,0.693,0.66107,0.81844,0.76355,0.107
-1.0239,-1.9389,0.29246,-2.0297,3.8758,4.1308,0.693,1.0663,0.74482,0.61139,0.107
-1.5034,-3.3461,5,-1.7779,-1.7579,3.9823,0.693,0.6611,0.81856,0.76343,0.107
-1.503,-3.3652,5,-1.778,-1.7593,3.9818,0.693,0.66091,0.81821,0.764,0.107
-1.5689,-4.9968,-2.2091,-1.7861,5,4.1977,0.693,0.61466,0.84765,0.52757,0.107
-1.4843,0.099344,4.7286,0.88945,-1.9241,4.3903,0.693,0.9247,0.83218,1.3244,0.107
-1.5031,-3.3591,5,-1.7779,-1.7587,3.982,0.693,0.66098,0.81831,0.7638,0.107
-1.5034,-3.3522,5,-1.7779,-1.7583,3.9821,0.693,0.66104,0.81833,0.76363,0.107
-1.5034,-3.3441,5,-1.778,-1.7583,3.9818,0.693,0.66112,0.81828,0.76369,0.107
-1.2592,0.20813,-3.4473,5,-1.7718,4.4489,0.693,0.61512,0.90223,1.3676,0.107
-1.5034,-3.3473,5,-1.7779,-1.758,3.9821,0.693,0.66111,0.81837,0.76357,0.107
-1.5687,-5,-2.2097,-1.7862,5,4.1977,0.693,0.61478,0.84811,0.52758,0.107
-1.6487,-0.76597,0.078357,-1.5769,3.9714,4.1137,0.693,1.0056,0.68757,0.60344,0.107
-1.5033,-3.3512,5,-1.7779,-1.7583,3.9821,0.693,0.66092,0.81845,0.76356,0.107
-1.5034,-3.3479,5,-1.7779,-1.7581,3.9821,0.693,0.66105,0.81839,0.76357,0.107
-1.5029,-3.3633,5,-1.7781,-1.7595,3.9818,0.693,0.66088,0.81816,0.76404,0.107
-1.5037,-3.3383,5,-1.7778,-1.7572,3.9822,0.693,0.66132,0.81881,0.76319,0.107
-1.0241,-1.9391,0.29216,-2.0296,4.1258,4.1308,0.693,1.0659,0.74489,0.61193,0.107
-1.5033,-3.3503,5,-1.7779,-1.7582,3.9821,0.693,0.66104,0.81837,0.76365,0.107
-1.6179,5,0.065511,-1.5889,3.8999,4.1359,0.693,0.95941,0.72501,0.61402,0.107
-1.5029,-3.366,5,-1.778,-1.7594,3.9819,0.693,0.66091,0.8182,0.76398,0.107
-1.5034,-3.3469,5,-1.7779,-1.758,3.9821,0.693,0.66109,0.81843,0.76357,0.107
-1.5033,-3.3519,5,-1.7779,-1.7584,3.982,0.693,0.66121,0.81835,0.7637,0.107
-1.5222,-5,-2.0304,-1.8314,-1.6769,3.9411,0.693,0.53689,0.8324,0.82544,0.107
-1.5031,-3.3578,5,-1.7779,-1.7588,3.982,0.693,0.66097,0.8183,0.76387,0.107
-1.4638,-2.661,-2.7669,5,-1.9013,4.381,0.693,0.56168,0.89426,1.2453,0.107
-1.6186,5,0.066155,-1.588,3.4025,4.1359,0.693,0.95981,0.72479,0.61374,0.107
-1.5035,-3.3425,5,-1.7778,-1.7577,3.9823,0.693,0.66114,0.81849,0.76343,0.107
-1.5034,-3.3492,5,-1.7779,-1.7581,3.9821,0.693,0.66105,0.81837,0.76362,0.107
-1.5032,-3.3559,5,-1.7779,-1.7586,3.982,0.693,0.66099,0.81831,0.76382,0.107
-1.5035,-3.3422,5,-1.7778,-1.7576,3.9823,0.693,0.66115,0.81847,0.76341,0.107
-1.5035,-3.3444,5,-1.7779,-1.7578,3.9822,0.693,0.66113,0.81835,0.76349,0.107
-1.5036,-3.3385,5,-1.7779,-1.7575,3.9823,0.693,0.66119,0.81854,0.76336,0.107
-1.5035,-3.345,5,-1.7779,-1.758,3.982,0.693,0.66102,0.81834,0.76359,0.107
-1.5034,-3.3468,5,-1.7779,-1.758,3.9822,0.693,0.66108,0.81845,0.76355,0.107
4.6291,2.4208,3.8733,4.1247,2.8894,3.3541,0.693,1.9015,1.7877,1.3279,0.107
4.9006,4.821,2.201,3.8348,3.2826,-3.4992,0.693,1.9016,1.7878,1.3279,0.107
-1.5035,-3.3428,5,-1.7778,-1.7576,3.9823,0.693,0.66113,0.81854,0.76341,0.107
-1.5034,-3.3472,5,-1.7779,-1.758,3.9822,0.693,0.6611,0.81845,0.76356,0.107
-1.5029,-3.3615,5,-1.778,-1.7591,3.982,0.693,0.66091,0.81829,0.76387,0.107
-1.5034,-3.3479,5,-1.7779,-1.7581,3.982,0.693,0.6611,0.81836,0.76362,0.107
-1.5028,-3.3696,5,-1.778,-1.7596,3.9818,0.693,0.66082,0.81818,0.76409,0.107
-1.5027,-3.354,5,-1.7785,-1.7587,3.9821,0.693,0.66103,0.81825,0.76405,0.107
-1.5031,-3.3609,5,-1.778,-1.759,3.982,0.693,0.66092,0.81826,0.76385,0.107
-1.5035,-3.3432,5,-1.7778,-1.7577,3.9822,0.693,0.66114,0.8185,0.76344,0.107
-1.5034,-3.3485,5,-1.7779,-1.7581,3.9821,0.693,0.66112,0.81839,0.76362,0.107
-1.5036,-3.3418,5,-1.7779,-1.7576,3.9822,0.693,0.66119,0.81844,0.76346,0.107
-1.5034,-3.3486,5,-1.7779,-1.7581,3.9821,0.693,0.66115,0.81842,0.76363,0.107
4.4498,4.1932,3.1865,3.4284,-3.7439,-4.4093,0.693,1.9017,1.7877,1.3279,0.107
-1.5033,-3.3493,5,-1.7779,-1.7581,3.9821,0.693,0.66115,0.81844,0.76363,0.107
-1.5035,-3.3453,5,-1.7779,-1.7579,3.9821,0.693,0.66114,0.81838,0.76352,0.107
-1.503,-3.3638,5,-1.778,-1.7592,3.9819,0.693,0.6609,0.81816,0.7639,0.107
2.7632,2.5953,-2.4873,3.8359,2.7608,3.389,0.693,1.9017,1.7877,1.3278,0.107
-1.6187,5,0.066969,-1.588,3.575,4.1358,0.693,0.95986,0.7249,0.61369,0.107
-1.5034,-3.3459,5,-1.7779,-1.7579,3.9821,0.693,0.66115,0.81841,0.76357,0.107
-1.0241,-1.9383,0.29206,-2.0298,3.8288,4.1308,0.693,1.066,0.7449,0.61196,0.107
-1.4503,5,-1.9213,-1.8042,-1.8975,3.966,0.693,0.57105,0.88153,1.0295,0.107
-1.5035,-3.3418,5,-1.7779,-1.7576,3.9822,0.693,0.66118,0.81842,0.76345,0.107
-1.5035,-3.3428,5,-1.7779,-1.7577,3.9822,0.693,0.66117,0.81844,0.76347,0.107
-1.4382,2.1188,4.9138,-1.8174,-1.8595,4.006,0.693,0.7012,0.89232,0.95524,0.107
-1.5034,-3.3477,5,-1.7779,-1.7581,3.9821,0.693,0.66105,0.81835,0.76358,0.107
2.6312,3.0128,-0.91834,3.3001,4.3259,1.8333,0.693,1.9017,1.7877,1.3279,0.107
-1.5034,-3.3478,5,-1.7779,-1.7581,3.9821,0.693,0.66109,0.81828,0.76367,0.107
-1.5036,-3.3394,5,-1.7779,-1.7575,3.9823,0.693,0.66118,0.81856,0.76336,0.107
-1.0241,-1.9384,0.29215,-2.0298,3.698,4.1308,0.693,1.0661,0.74489,0.6117,0.107
-1.5035,-3.3425,5,-1.7779,-1.7577,3.9824,0.693,0.66112,0.8186,0.76342,0.107
-1.0239,-1.9389,0.29254,-2.0298,3.8156,4.1308,0.693,1.0664,0.7448,0.6115,0.107
-1.5032,-3.3566,5,-1.7779,-1.7587,3.982,0.693,0.66097,0.81835,0.76377,0.107
-1.5035,-3.3428,5,-1.7778,-1.7577,3.9823,0.693,0.66112,0.81844,0.7634,0.107
-1.5034,-3.3452,5,-1.7779,-1.7578,3.9823,0.693,0.6611,0.81858,0.76348,0.107
-1.0241,-1.9391,0.29228,-2.0296,3.8892,4.1308,0.693,1.0658,0.74487,0.61193,0.107
-1.5036,-3.3419,5,-1.7779,-1.7577,3.982,0.693,0.66112,0.81835,0.76353,0.107
-1.5033,-3.3502,5,-1.7779,-1.7582,3.9821,0.693,0.66111,0.8184,0.76367,0.107
-1.5677,-4.9991,-2.209,-1.787,5,4.1977,0.693,0.61418,0.84758,0.52753,0.107
-1.5036,-3.3398,5,-1.7779,-1.7575,3.9822,0.693,0.66119,0.81844,0.76336,0.107
-1.5034,-3.3473,5,-1.7779,-1.758,3.9821,0.693,0.66106,0.8184,0.76357,0.107
4.2307,3.806,2.18,4.9788,4.7446,0.21833,0.693,1.9017,1.7877,1.3279,0.107
-1.5036,-3.3423,5,-1.7779,-1.7577,3.982,0.693,0.66128,0.81839,0.76351,0.107
-1.5035,-3.3425,5,-1.7779,-1.7577,3.9823,0.693,0.66116,0.81867,0.76349,0.107
3.8936,4.1387,1.9455,4.2018,3.0839,2.6801,0.693,1.9017,1.7877,1.3279,0.107
-1.5034,-3.3477,5,-1.7778,-1.758,3.9822,0.693,0.66108,0.81846,0.76356,0.107
-1.4382,4.077,5,-1.8174,-1.8598,4.0059,0.693,0.7012,0.89224,0.95545,0.107
-1.5035,-3.3487,5,-1.7778,-1.7581,3.982,0.693,0.66101,0.81825,0.76372,0.107
-1.5032,-3.3541,5,-1.7779,-1.7585,3.982,0.693,0.661,0.8183,0.76373,0.107
-1.5029,-3.3602,5,-1.7782,-1.7592,3.9818,0.693,0.66115,0.81824,0.76393,0.107
-1.5031,-3.3603,4.9991,-1.7779,-1.7589,3.982,0.693,0.66095,0.8183,0.76375,0.107
-1.5035,-3.3431,5,-1.7778,-1.7577,3.9823,0.693,0.66113,0.81851,0.76343,0.107
4.0749,2.2537,2.1388,1.3189,4.1908,-4.4079,0.693,1.9016,1.7878,1.3279,0.107
-1.5031,-3.3595,4.9952,-1.778,-1.7589,3.982,0.693,0.66095,0.81828,0.76383,0.107
-1.5035,-3.3428,5,-1.7779,-1.7577,3.9823,0.693,0.66114,0.81847,0.76342,0.107
-1.6486,-0.76576,0.078239,-1.5769,3.9193,4.1137,0.693,1.0055,0.68771,0.60345,0.107
-1.5035,-3.343,5,-1.7778,-1.7577,3.9823,0.693,0.66111,0.81844,0.76339,0.107
-1.5031,-3.3584,5,-1.7779,-1.7587,3.9821,0.693,0.66097,0.81836,0.76381,0.107
-1.5035,-3.342,5,-1.7779,-1.7577,3.9824,0.693,0.66113,0.81859,0.76342,0.107
-1.5225,-5,-2.0313,-1.8313,-1.6762,3.9411,0.693,0.53674,0.83253,0.82538,0.107
-1.5036,-3.3384,5,-1.7779,-1.7574,3.9823,0.693,0.6612,0.8185,0.76336,0.107
2.1163,-3.7248,3.821,0.76801,0.82341,-2.4936,0.693,1.9017,1.7877,1.3279,0.107
-1.5034,-3.3498,5,-1.7779,-1.7581,3.9821,0.693,0.66114,0.8184,0.76359,0.107
-1.503,-3.3636,5,-1.778,-1.7592,3.9819,0.693,0.6609,0.81817,0.76392,0.107
-1.5029,-3.3695,5,-1.7779,-1.7596,3.9818,0.693,0.66076,0.81831,0.76408,0.107
-1.5034,-3.3474,5,-1.7779,-1.758,3.9821,0.693,0.66107,0.81842,0.76358,0.107
-1.5688,-5,-2.2092,-1.7861,5,4.1978,0.693,0.61481,0.8478,0.52746,0.107
-1.4382,1.9987,5,-1.8173,-1.8595,4.006,0.693,0.70121,0.89246,0.95539,0.107
-1.5033,-3.3513,5,-1.7779,-1.7584,3.982,0.693,0.6609,0.81816,0.76398,0.107
-1.5035,-3.345,4.9999,-1.778,-1.7578,3.9821,0.693,0.66114,0.81862,0.76341,0.107
-1.5034,-3.356,5,-1.7777,-1.7586,3.982,0.693,0.66072,0.81848,0.76367,0.107
-1.6486,-0.76588,0.078425,-1.5769,4.0319,4.1137,0.693,1.0056,0.68764,0.60345,0.107
-1.4381,3.0717,5,-1.8177,-1.8596,4.006,0.693,0.70166,0.89208,0.95519,0.107
-1.5035,-3.3445,5,-1.7779,-1.7578,3.9821,0.693,0.66108,0.81842,0.76352,0.107
-1.5035,-3.3469,4.9999,-1.7779,-1.7579,3.9821,0.693,0.66124,0.81829,0.76346,0.107
-1.5638,-3.2211,5,4.9981,-1.8988,4.3551,0.693,0.93855,0.8383,1.1066,0.107
-1.5034,-3.3457,5,-1.7778,-1.7579,3.9823,0.693,0.6611,0.81857,0.7635,0.107
-1.6184,5,0.065732,-1.5882,3.8272,4.136,0.693,0.95954,0.72516,0.61386,0.107
-1.024,-1.9392,0.29203,-2.0296,3.7846,4.1308,0.693,1.0661,0.74482,0.61185,0.107
-1.5032,-3.3566,5,-1.7779,-1.7586,3.9819,0.693,0.66087,0.8184,0.76374,0.107
-1.5033,-3.3503,5,-1.7779,-1.7582,3.9821,0.693,0.66109,0.81842,0.7637,0.107
-1.5034,-3.3495,5,-1.7779,-1.7582,3.982,0.693,0.6611,0.81836,0.76365,0.107
-1.5036,-3.3407,5,-1.7779,-1.7576,3.9823,0.693,0.66117,0.8185,0.76334,0.107
-1.5033,-3.3515,5,-1.7779,-1.7584,3.982,0.693,0.661,0.81831,0.76371,0.107
-1.6486,-0.76572,0.078342,-1.5769,4.3812,4.1138,0.693,1.0057,0.68756,0.6035,0.107
-1.5034,-3.3492,5,-1.7779,-1.7582,3.982,0.693,0.66115,0.8183,0.76355,0.107
-1.5689,-5,-2.2097,-1.786,5,4.1977,0.693,0.61467,0.84785,0.52769,0.107
-1.5032,-3.3552,4.9998,-1.7779,-1.7586,3.982,0.693,0.66104,0.81838,0.76375,0.107
-1.503,-3.3616,5,-1.7779,-1.759,3.9821,0.693,0.66089,0.81838,0.76387,0.107
-1.5036,-3.3389,5,-1.7779,-1.7575,3.9821,0.693,0.66108,0.81844,0.76343,0.107
-1.5033,-3.3508,5,-1.7779,-1.7583,3.982,0.693,0.66119,0.81836,0.76366,0.107
-1.5035,-3.3436,5,-1.7779,-1.7578,3.9821,0.693,0.66115,0.81845,0.7635,0.107
-1.5033,-3.3485,5,-1.778,-1.7581,3.9821,0.693,0.66102,0.81851,0.76377,0.107
-1.5033,-3.3527,4.9999,-1.7779,-1.7585,3.982,0.693,0.66107,0.8184,0.7637,0.107
-1.5035,-3.345,5,-1.7779,-1.7578,3.9823,0.693,0.66109,0.81859,0.76349,0.107
-1.0242,-1.938,0.29227,-2.0297,3.6025,4.1307,0.693,1.0657,0.74526,0.61197,0.107
-1.5034,-3.3465,5,-1.7779,-1.758,3.9821,0.693,0.66116,0.81841,0.76358,0.107
-1.5034,-3.3464,5,-1.7779,-1.758,3.9821,0.693,0.66114,0.8184,0.76358,0.107
-1.5034,-3.3477,5,-1.7779,-1.758,3.9821,0.693,0.66108,0.81841,0.76359,0.107
-1.5036,-3.3418,5,-1.7779,-1.7577,3.9821,0.693,0.66124,0.81856,0.76357,0.107
-1.5035,-3.3454,5,-1.7779,-1.7579,3.982,0.693,0.66112,0.81837,0.76358,0.107
-1.5033,-3.3522,5,-1.7779,-1.7584,3.982,0.693,0.66099,0.81835,0.76373,0.107
-1.5636,-3.2157,5,4.9999,-1.8993,4.3551,0.693,0.93836,0.83828,1.1068,0.107
-1.569,-5,-2.2098,-1.786,5,4.1977,0.693,0.6147,0.84789,0.52764,0.107
-1.261,0.20875,-3.4715,5,-1.7686,4.4488,0.693,0.61509,0.90146,1.3682,0.107
-1.5034,-3.3468,5,-1.7779,-1.758,3.9821,0.693,0.66126,0.81841,0.76356,0.107
-1.4382,2.4398,5,-1.8176,-1.8593,4.006,0.693,0.70146,0.89226,0.95508,0.107
-1.5035,-3.34,5,-1.7779,-1.7576,3.9823,0.693,0.66115,0.81838,0.76334,0.107
-1.5032,-3.3546,4.9981,-1.778,-1.7584,3.982,0.693,0.66104,0.81817,0.76381,0.107
-1.6185,5,0.066117,-1.588,3.6224,4.1359,0.693,0.9598,0.72499,0.6138,0.107
-1.5035,-3.3426,5,-1.7778,-1.7577,3.9822,0.693,0.66116,0.81846,0.76345,0.107
-1.5034,-3.3478,5,-1.7778,-1.758,3.9822,0.693,0.66107,0.81849,0.76356,0.107
-1.5035,-3.3446,5,-1.7779,-1.7578,3.9822,0.693,0.66112,0.81833,0.76341,0.107
-1.5226,-5,-2.032,-1.8312,-1.6757,3.9411,0.693,0.53688,0.83255,0.82528,0.107
-1.5031,-3.3595,5,-1.7779,-1.7588,3.982,0.693,0.66099,0.81832,0.76386,0.107
-1.5034,-3.3447,5,-1.7778,-1.7578,3.9823,0.693,0.6611,0.81853,0.76345,0.107
-1.4382,2.4823,4.9999,-1.8173,-1.8595,4.006,0.693,0.7012,0.89235,0.95538,0.107
-1.5034,-3.3478,5,-1.7779,-1.758,3.9821,0.693,0.66104,0.81842,0.76358,0.107
-1.5033,-3.3542,5,-1.7779,-1.7585,3.982,0.693,0.66118,0.8183,0.76365,0.107
-1.5035,-3.3449,5,-1.7779,-1.7578,3.9822,0.693,0.66115,0.81856,0.76354,0.107
-1.5034,-3.3483,5,-1.7779,-1.7581,3.9821,0.693,0.66092,0.81838,0.76361,0.107
-1.5036,-3.3384,5,-1.7779,-1.7575,3.9822,0.693,0.66122,0.81834,0.76338,0.107
-1.5032,-3.3559,4.9994,-1.7779,-1.7586,3.982,0.693,0.66101,0.81834,0.76378,0.107
-1.5029,-3.3653,5,-1.778,-1.7593,3.982,0.693,0.66087,0.81822,0.76392,0.107
-1.6183,5,0.065531,-1.5882,3.7859,4.136,0.693,0.95954,0.72519,0.61388,0.107
-1.5031,-3.3595,5,-1.7779,-1.7589,3.9819,0.693,0.66097,0.81825,0.76388,0.107
-1.5638,-3.2213,5,5,-1.8989,4.355,0.693,0.93845,0.83832,1.1067,0.107
-1.5033,-3.3527,4.9997,-1.7779,-1.7584,3.982,0.693,0.66107,0.81837,0.76372,0.107
-1.5034,-3.3479,5,-1.7779,-1.7581,3.9821,0.693,0.66112,0.8184,0.76361,0.107
-1.5036,-3.3388,5,-1.7779,-1.7575,3.9823,0.693,0.66119,0.81847,0.76336,0.107
-1.4844,0.099275,4.5189,0.88867,-1.9238,4.3904,0.693,0.92464,0.83214,1.3244,0.107
-1.5035,-3.3428,5,-1.7778,-1.7577,3.9823,0.693,0.66112,0.81854,0.7634,0.107
-1.5035,-3.3422,5,-1.7778,-1.7576,3.9823,0.693,0.66113,0.81842,0.76338,0.107
-1.5035,-3.3419,5,-1.7779,-1.7576,3.9822,0.693,0.66116,0.81844,0.76341,0.107
-1.5034,-3.3474,5,-1.7779,-1.758,3.9822,0.693,0.66106,0.81845,0.76356,0.107
-1.5691,-5,-2.21,-1.7859,5,4.1976,0.693,0.61464,0.84777,0.52763,0.107
-1.6187,5,0.066737,-1.588,3.1584,4.1359,0.693,0.96001,0.72476,0.61377,0.107
-1.6186,4.9998,0.066359,-1.5881,4.6283,4.1358,0.693,0.96008,0.72484,0.61386,0.107
-1.5036,-3.3413,5,-1.7779,-1.7578,3.982,0.693,0.66116,0.81824,0.76352,0.107
-1.4382,4.8902,5,-1.8173,-1.8595,4.006,0.693,0.70132,0.89216,0.95544,0.107
-1.6188,5,0.066436,-1.5878,4.0814,4.1359,0.693,0.96007,0.72482,0.6136,0.107
4.8278,2.2239,4.3345,4.1431,-3.106,-3.7314,0.693,1.9015,1.7876,1.3279,0.107
-1.619,5,0.066276,-1.5874,4.7328,4.136,0.693,0.96002,0.72499,0.61365,0.107
-1.0241,-1.9391,0.29205,-2.0297,3.7821,4.1308,0.693,1.0658,0.7449,0.61176,0.107
-1.5036,-3.3409,5,-1.7779,-1.7576,3.982,0.693,0.66128,0.81839,0.76348,0.107
-1.6487,-0.76583,0.078411,-1.5769,4.0309,4.1137,0.693,1.0057,0.68759,0.60346,0.107
1.6377,2.455,-3.152,3.767,4.6401,0.14523,0.693,1.9017,1.7877,1.3279,0.107
-1.6199,5,0.06726,-1.5862,4.5242,4.1361,0.693,0.96085,0.72458,0.61333,0.107
-1.5032,-3.3575,5,-1.7779,-1.7589,3.9819,0.693,0.66079,0.8183,0.76386,0.107
-1.5036,-3.3391,5,-1.7779,-1.7575,3.9824,0.693,0.66117,0.81855,0.76334,0.107
-1.4382,1.2825,5,-1.8175,-1.8594,4.0061,0.693,0.70128,0.89225,0.95504,0.107
-1.5034,-3.3436,5,-1.7781,-1.7581,3.9819,0.693,0.6609,0.81828,0.76362,0.107
-1.5035,-3.3421,5,-1.7779,-1.7577,3.9822,0.693,0.66117,0.81842,0.76345,0.107
-1.5034,-3.3473,5,-1.7779,-1.758,3.9821,0.693,0.66111,0.8184,0.76353,0.107
-1.5034,-3.348,5,-1.7779,-1.7581,3.9821,0.693,0.66115,0.81841,0.76361,0.107
-1.5034,-3.35,5,-1.7779,-1.7582,3.982,0.693,0.66116,0.81839,0.76364,0.107
-1.4383,2.2811,4.9426,-1.8173,-1.8595,4.0059,0.693,0.70139,0.89229,0.95521,0.107
-1.5031,-3.3565,5,-1.778,-1.7585,3.982,0.693,0.66098,0.81833,0.76375,0.107
-1.5035,-3.3428,5,-1.7779,-1.7578,3.982,0.693,0.66126,0.81834,0.76357,0.107
-1.5034,-3.3467,5,-1.7779,-1.758,3.9821,0.693,0.66111,0.81843,0.76356,0.107
-1.0242,-1.9393,0.29198,-2.0296,3.8045,4.1307,0.693,1.0659,0.74489,0.61181,0.107
-1.0241,-1.939,0.29196,-2.0297,4.3025,4.1308,0.693,1.0659,0.74488,0.61191,0.107
-1.5035,-3.3449,5,-1.7779,-1.7583,3.9819,0.693,0.6611,0.81832,0.76369,0.107
-1.5033,-3.3506,5,-1.7779,-1.7582,3.9821,0.693,0.66105,0.81843,0.76366,0.107
-1.0242,-1.939,0.29137,-2.0296,3.8134,4.1307,0.693,1.0661,0.74482,0.61135,0.107
-1.5035,-3.3426,5,-1.7779,-1.7577,3.9822,0.693,0.66115,0.81845,0.76344,0.107
-2.397,-4.651,1.7912,-0.84029,-2.2862,-2.9077,0.693,1.9017,1.7877,1.3279,0.107
-1.5033,-3.3509,5,-1.7779,-1.7583,3.9821,0.693,0.66106,0.81838,0.76367,0.107
-1.5037,-3.3436,5,-1.7777,-1.7574,3.9821,0.693,0.66121,0.81842,0.76342,0.107
